	logFC	metadata_r_id	ec_number
13DAMPPOX_pos	1.0164971024488687	13DAMPPOX	1.4.3.6
2DR1PP_pos	1.0110309356475213	2DR1PP	3.1.3.10
2HBO_neg	1.009522812509929	2HBO	1.1.1.27
2HBO_pos	0.9991636545925812	2HBO	1.1.1.27
2OXOADOXm_pos	0.9979164016601408	2OXOADOXm	2.3.1.61
34DHOXPEGOX_pos	1.0030270393537108	34DHOXPEGOX	1.1.1.1
34DHPLACOX_NADP__neg	1.03804128162221	34DHPLACOX_NADP_	1.2.1.5
34DHPLACOX_pos	1.03804128162221	34DHPLACOX	1.2.1.5
34DHXMANDACOX_NADP__neg	1.03804128162221	34DHXMANDACOX_NADP_	1.2.1.5
34DHXMANDACOX_pos	1.03804128162221	34DHXMANDACOX	1.2.1.5
34HPPOR_pos	1.006524287013388	34HPPOR	1.13.11.27
3AIBTm_pos	1.006119318300332	3AIBTm	2.6.19.4
3DSPHR_pos	1.022980950549212	3DSPHR	1.1.1.102
3HAO_pos	1.000068556757092	3HAO	1.13.11.6
3HBCDm_pos	1.0003670364687174	3HBCDm	4.2.1.55
3HBCOAHLm_pos	1.000085227574025	3HBCOAHLm	3.1.2.4
3HLYTCL_pos	0.9973605775704049	3HLYTCL	4.1.1.28
3MOX4HOXPGALDOX_NADP__neg	1.03804128162221	3MOX4HOXPGALDOX_NADP_	1.2.1.5
3MOX4HOXPGALDOX_pos	1.03804128162221	3MOX4HOXPGALDOX	1.2.1.5
3SALACBOXL_pos	1.0019765096505435	3SALACBOXL	4.1.1.15
3SALATAi_pos	1.0026204352059627	3SALATAi	2.6.1.1
3SALATAim_pos	1.0095971455294965	3SALATAim	2.6.1.1
41R1H2MAE12BOOX_pos	1.0001875705871353	41R1H2MAE12BOOX	1.4.3.4
41R2A1H12BOOX_pos	1.003027039353711	41R2A1H12BOOX	1.4.3.4
4HGLSDm_pos	1.0013230894453926	4HGLSDm	1.5.1.12
4HOXPACDOX_NADP__pos	1.0005527575387947	4HOXPACDOX_NADP_	1.2.1.5
4NPHSULT_pos	1.0005247866330278	4NPHSULT	2.8.2.1
5ADTSTSTERONESULT_pos	0.9879186332039083	5ADTSTSTERONESULT	2.8.2.2
5HLTDL_pos	0.9985945635127044	5HLTDL	4.1.1.28
5HOXINDACTO2OX_pos	0.985741695054435	5HOXINDACTO2OX	1.2.3.1
A4GALTg_pos	1.003862965205728	A4GALTg	2.4.1.228
AACOAT_pos	1.0234310411056429	AACOAT	6.2.1.16
AACTOOR_pos	1.072358197750761	AACTOOR	1.4.3.6
AATAi_neg	1.0097045647971756	AATAi	2.6.1.39
AATAi_pos	0.9995929659404249	AATAi	2.6.1.39
ABTArm_neg	1.0158558851453663	ABTArm	2.6.19.4
ABTArm_pos	1.0091993167260025	ABTArm	2.6.19.4
ABTD_neg	1.0184940138975838	ABTD	1.1.1.12
ABTD_pos	1.0047566144464048	ABTD	1.1.1.12
ABUTD_pos	1.0245078027679622	ABUTD	1.2.1.19
ACACT10m_neg	1.0001762338950189	ACACT10m	2.3.1.9
ACACT10m_pos	1.0007182097875957	ACACT10m	2.3.1.9
ACACT1r_neg	1.100648092203259	ACACT1r	2.3.1.9
ACACT1r_pos	1.040426052893646	ACACT1r	2.3.1.9
ACACT1rm_pos	1.0744036613002341	ACACT1rm	2.3.1.9
ACACT1x_pos	1.0869837716387085	ACACT1x	2.3.1.9
ACACT4p_pos	0.9227630328256102	ACACT4p	2.3.1.16
ACACT5p_pos	0.9227630328256188	ACACT5p	2.3.1.16
ACACT6p_pos	0.9227630328256102	ACACT6p	2.3.1.16
ACACT7p_pos	0.9229363080400903	ACACT7p	2.3.1.16
ACCOACm_pos	1.0132500290216355	ACCOACm	6.4.1.2
ACCOAL_pos	1.0023380296610167	ACCOAL	6.2.1.13
ACCOALm_pos	0.9818545942336968	ACCOALm	6.2.1.17
ACGAM2E_neg	0.9951869807657747	ACGAM2E	5.1.3.8
ACGAM2E_pos	1.0120335238291733	ACGAM2E	5.1.3.8
ACGAM6PSi_pos	1.0016788087235133	ACGAM6PSi	2.3.1.4
ACGAMK_pos	0.9999608895199161	ACGAMK	2.7.1.59
ACGAMPM_pos	0.9937345407328397	ACGAMPM	5.4.2.3
ACGPID_pos	0.9992600562407482	ACGPID	3.5.1.89
ACHEe_pos	1.0512092880553223	ACHEe	3.1.1.7
ACITL_pos	1.041414557191718	ACITL	2.3.3.8
ACNAM9PL2_pos	0.9992478925308483	ACNAM9PL2	2.5.1.56
ACNAM9PL_pos	0.9951346425411558	ACNAM9PL	2.5.1.56
ACNAMPH_pos	0.9951346425411558	ACNAMPH	3.1.3.29
ACNMLr_neg	1.0200952083409587	ACNMLr	4.1.3.3
ACNMLr_pos	0.9927549082741152	ACNMLr	4.1.3.3
ACOAD10m_pos	0.8137142606793811	ACOAD10m	1.3.99.12
ACOAD1fm_pos	0.9798965446072646	ACOAD1fm	1.3.99.2
ACOAD8m_pos	0.8860434905957326	ACOAD8m	1.3.99.10
ACOAD9m_pos	0.9987699717476628	ACOAD9m	1.3.99.12
ACOAHi_pos	1.0348144235941223	ACOAHi	3.1.2.1
ACOAO7p_pos	0.9186644853858075	ACOAO7p	1.3.3.6
ACONT_neg	0.9999990663956315	ACONT	4.2.1.3
ACONT_pos	0.9999990663956315	ACONT	4.2.1.3
ACONTm_neg	1.0052088657218436	ACONTm	4.2.1.3
ACONTm_pos	1.0052088657218436	ACONTm	4.2.1.3
ACOX22x_pos	1.0161015684536	ACOX22x	1.3.3.6
ACOX2x_pos	1.0252007264804277	ACOX2x	1.3.3.6
ACP1_FMN__pos	1.0306138758445609	ACP1_FMN_	3.1.3.2
ACS2_pos	1.0277331320935137	ACS2	6.2.1.16
ACS_pos	1.0389184457434637	ACS	6.2.1.1
ACSm_pos	0.9188469857412341	ACSm	6.2.1.1
ACYP_pos	1.020739707905514	ACYP	3.6.1.7
ADA_pos	1.1511967235600542	ADA	3.5.4.4
ADAe_pos	1.182703369445486	ADAe	3.5.4.4
ADCim_pos	1.036638566605687	ADCim	4.1.1.4
ADK1m_neg	0.995261899112957	ADK1m	2.7.4.3
ADK1m_pos	0.995261899112957	ADK1m	2.7.4.3
ADKd_neg	0.9992010237038415	ADKd	2.7.4.3
ADKd_pos	0.9992010237038415	ADKd	2.7.4.3
ADMDC_pos	1.0070581750205931	ADMDC	4.1.1.50
ADNCYC_pos	1.033082052253585	ADNCYC	4.6.1.1
ADNK1m_pos	1.0007886083165989	ADNK1m	2.7.1.20
ADPRDP_pos	1.0425787672546754	ADPRDP	3.6.1.13
ADPT_pos	1.0281157305967819	ADPT	2.4.2.7
ADRNCPT1_pos	1.0004107181313946	ADRNCPT1	2.3.1.21
ADSK_pos	1.0132655282888616	ADSK	2.7.1.25
ADSL1_pos	1.102240307925462	ADSL1	4.3.2.2
ADSL2_pos	1.0412713185535372	ADSL2	4.3.2.2
ADSS_pos	1.102240307925462	ADSS	6.3.4.4
AG13T10g_pos	0.9488209665104896	AG13T10g	2.4.1.149
AG13T11g_pos	0.9488209665104896	AG13T11g	2.4.1.149
AG13T12g_pos	0.9488209665104896	AG13T12g	2.4.1.149
AG13T13g_pos	0.9488209665104896	AG13T13g	2.4.1.149
AG13T14g_pos	0.9488209665104896	AG13T14g	2.4.1.149
AG13T15g_pos	0.9488209665104896	AG13T15g	2.4.1.149
AG13T16g_pos	0.9941023182490307	AG13T16g	2.4.1.149
AG13T17g_pos	0.9941023182490307	AG13T17g	2.4.1.149
AG13T18g_pos	0.9941023182490284	AG13T18g	2.4.1.149
AG13T1g_pos	0.9889933860510653	AG13T1g	2.4.1.149
AG13T2g_pos	0.9889933860510653	AG13T2g	2.4.1.149
AG13T3g_pos	0.9889933860510653	AG13T3g	2.4.1.149
AG13T4g_pos	0.9488209665104896	AG13T4g	2.4.1.149
AG13T5g_pos	0.9488209665104896	AG13T5g	2.4.1.149
AG13T6g_pos	0.9488209665104896	AG13T6g	2.4.1.149
AG13T7g_pos	0.9488209665104896	AG13T7g	2.4.1.149
AG13T8g_pos	0.9488209665104896	AG13T8g	2.4.1.149
AG13T9g_pos	0.9488209665104896	AG13T9g	2.4.1.149
AGDC_pos	0.9984887544503905	AGDC	3.5.1.25
AGMTm_pos	1.0240332946610358	AGMTm	3.5.3.11
AGPAT1_pos	0.9873950214352915	AGPAT1	2.3.1.51
AGTim_pos	0.9938074802936278	AGTim	2.6.1.44
AGTix_pos	1.0283717790572142	AGTix	2.6.1.44
AHC_pos	1.004928908629686	AHC	3.3.1.1
AHEXASE2ly_pos	0.9512731249037232	AHEXASE2ly	3.2.1.52
AHEXASEly_pos	0.9849982658774393	AHEXASEly	3.2.1.52
AICART_neg	0.9988688256563791	AICART	2.1.2.3
AICART_pos	1.0396947838103552	AICART	2.1.2.3
AK2LGCHOLt_neg	1.0001896284191687	AK2LGCHOLt	4.1.1.21
AK2LGCHOLt_pos	1.0499681762245263	AK2LGCHOLt	4.1.1.21
AKGDm_pos	0.9996655422513531	AKGDm	2.3.1.61
AKR1C1_pos	1.0272076813635143	AKR1C1	1.3.1.20
AKR1C41_pos	0.9989748965609484	AKR1C41	1.1.1.50
AKR1C42_pos	0.9989748965609484	AKR1C42	1.1.1.50
AKR1D2_pos	1.0256411184241776	AKR1D2	1.3.99.6
AKR1D_pos	0.9544467932806875	AKR1D	1.3.99.6
ALAR_neg	1.000775875233769	ALAR	5.1.1.1
ALAR_pos	1.00022769747402	ALAR	5.1.1.1
ALASm_pos	1.0	ALASm	2.3.1.37
ALATA_L_neg	1.0022734292880744	ALATA_L	2.6.1.2
ALATA_L_pos	0.9958655071981204	ALATA_L	2.6.1.2
ALCD1_neg	1.025559319114583	ALCD1	1.1.1.1
ALCD1_pos	1.0013889473130166	ALCD1	1.1.1.1
ALCD21_D_pos	1.009037870929076	ALCD21_D	1.1.1.1
ALCD21_L_pos	1.1471107397348559	ALCD21_L	1.1.1.1
ALCD22_D_pos	0.992392460023211	ALCD22_D	1.1.1.78
ALCD22_L_pos	1.1471107397348559	ALCD22_L	1.2.1.49
ALCD2if_pos	1.0001925952062902	ALCD2if	1.1.1.1
ALCD2yf_pos	1.004120456008703	ALCD2yf	1.1.1.2
ALDD2x_pos	1.0604818461867642	ALDD2x	1.2.1.3
ALDD2xm_pos	1.05710216878891	ALDD2xm	1.2.1.3
ALDD2y_pos	1.048445057492846	ALDD2y	1.2.1.4
ALOX52_pos	0.9971957501601451	ALOX52	1.13.11.34
ALOX5_pos	0.9997787586518726	ALOX5	1.13.11.34
ALR2_pos	1.1471107397348559	ALR2	1.1.1.21
ALR3_pos	1.1471107397348559	ALR3	1.1.1.21
AMACR2p_pos	1.0294013585484303	AMACR2p	5.1.99.4
AMACRp_pos	1.0252007264804277	AMACRp	5.1.99.4
AMANK_pos	0.9951346425411558	AMANK	2.7.1.60
AMPDA_pos	1.1049271715727413	AMPDA	3.5.4.6
AMPTASECG_pos	1.0044249549127175	AMPTASECG	3.4.11.1
AMPTASECGe_pos	0.9921065736632407	AMPTASECGe	3.4.11.2
AMY1e_pos	1.000154655773261	AMY1e	3.2.1.1
AMY2e_pos	1.000154655773261	AMY2e	3.2.1.1
APAT2rm_neg	0.9855407042074081	APAT2rm	2.6.19.4
APAT2rm_pos	1.0247811968590608	APAT2rm	2.6.19.4
ARABR_pos	1.0009438926028926	ARABR	1.1.1.21
ARACHCPT1_pos	0.9971617704397657	ARACHCPT1	2.3.1.21
ARGDCm_pos	1.0240332946610358	ARGDCm	4.1.1.19
ARGN_pos	1.0371487009564382	ARGN	3.5.3.1
ARGNm_pos	1.0367413823119445	ARGNm	3.5.3.1
ARGSL_pos	1.035124666921796	ARGSL	4.3.2.1
ARSA_pos	0.9530600923906977	ARSA	3.1.6.8
ASAH1_pos	1.0255825116274508	ASAH1	3.5.1.23
ASNNm_pos	0.9880282612808287	ASNNm	3.5.1.1
ASNS1_pos	0.9583382118832133	ASNS1	6.3.5.4
ASP1DC_pos	1.0725965375156905	ASP1DC	4.1.1.15
ASPCTr_pos	1.0748105774114558	ASPCTr	2.1.3.2
ASPNATm_pos	1.1272989221855647	ASPNATm	2.3.1.17
ASPTA_neg	1.0881745311375222	ASPTA	2.6.1.1
ASPTA_pos	1.0433130101617953	ASPTA	2.6.1.1
ASPTAm_neg	1.0433848704376172	ASPTAm	2.6.1.1
ASPTAm_pos	1.0082441862559162	ASPTAm	2.6.1.1
ATPH1e_pos	1.0778140006824912	ATPH1e	3.6.1.5
ATPH2e_pos	1.0	ATPH2e	3.6.1.5
ATPS4m_pos	1.0062432480234262	ATPS4m	3.6.3.14
ATPasel_pos	0.984121499875525	ATPasel	3.6.3.14
A_MANASEly_pos	0.9427662910640544	A_MANASEly	3.2.1.24
B3GALT3g_pos	1.003862965205729	B3GALT3g	2.4.1.79
B3GALT41g_pos	1.009122360497849	B3GALT41g	2.4.1.62
B3GALT42g_pos	1.0126148009486124	B3GALT42g	2.4.1.62
B3GALT43g_pos	1.0143193774478474	B3GALT43g	2.4.1.62
B3GALT44g_pos	1.017380469491644	B3GALT44g	2.4.1.62
B3GALTg_pos	1.006686822974379	B3GALTg	2.4.1.86
BAAT2x_pos	1.0216038657554098	BAAT2x	2.3.1.65
BAAT3x_pos	1.0294013585484343	BAAT3x	2.3.1.65
BACCL_pos	0.9868375104350611	BACCL	6.3.4.15
BACCLm_pos	0.9646403735490889	BACCLm	6.3.4.15
BAMPPALDOX_pos	1.0164971024488687	BAMPPALDOX	1.2.1.36
BCDO_pos	1.002351859641682	BCDO	1.14.99.36
BDHm_neg	1.0710405755146062	BDHm	1.1.1.30
BDHm_pos	1.0022655243434642	BDHm	1.1.1.30
BDMT_L_pos	0.9417787384325327	BDMT_L	2.4.1.142
BDMT_U_pos	0.9417787384325293	BDMT_U	2.4.1.142
BETALDHxm_pos	0.9907699759898008	BETALDHxm	1.2.1.8
BHMT_pos	0.9962000906303649	BHMT	2.1.1.5
BILIRED_pos	0.9954878459365842	BILIRED	1.3.1.24
BPNT2_pos	1.0132655282888632	BPNT2	3.1.3.7
BPNT_pos	0.9962316702589773	BPNT	3.1.3.7
BTND1_pos	0.9868375104350631	BTND1	3.5.1.12
BTND1n_pos	0.9857970335932796	BTND1n	3.5.1.12
BTNDe_pos	1.0	BTNDe	3.5.1.12
BTNDm_pos	0.9646403735490889	BTNDm	3.5.1.12
BUP2_pos	1.0847575552245243	BUP2	3.5.1.6
B_MANNASEly_pos	0.9427662910640544	B_MANNASEly	3.2.1.25
C14STRr_pos	1.0	C14STRr	1.3.1.70
C160CPT1_pos	1.0977351610168684	C160CPT1	2.3.1.21
C160CPT2_pos	1.0312276690051454	C160CPT2	2.3.1.21
C161CPT12_pos	1.0282657964141049	C161CPT12	2.3.1.21
C161CPT1_pos	1.0236570827321947	C161CPT1	2.3.1.21
C161CPT22_pos	1.0282657964141049	C161CPT22	2.3.1.21
C180CPT1_pos	1.010310809022548	C180CPT1	2.3.1.21
C180CPT2_pos	1.010310809022548	C180CPT2	2.3.1.21
C181CPT1_pos	1.0831693630686636	C181CPT1	2.3.1.21
C204CPT1_pos	1.0034527033674967	C204CPT1	2.3.1.21
C226CPT1_pos	1.011049307155158	C226CPT1	2.3.1.21
CAATPS_pos	0.9861244109459992	CAATPS	3.6.3.6
CAT2p_pos	0.9978457640149004	CAT2p	1.11.1.6
CATm_pos	1.0015639688494522	CATm	1.11.1.6
CATp_pos	1.0168870321441001	CATp	1.11.1.6
CBPSam_pos	1.0374464292400798	CBPSam	6.3.4.16
CBR2_pos	1.0008422367289227	CBR2	1.1.1.197
CDIPTr_neg	1.0105425851120462	CDIPTr	2.7.8.11
CDIPTr_pos	1.0004964067292952	CDIPTr	2.7.8.11
CDS_pos	1.0004964067292952	CDS	2.7.7.41
CDSm_pos	0.9833195036706655	CDSm	2.7.7.41
CERK_pos	0.9889463557115482	CERK	2.7.1.138
CHLPCTD_pos	1.0046780043818917	CHLPCTD	2.7.7.15
CHLP_pos	1.0159032037714546	CHLP	2.7.7.15
CHOLD2m_pos	0.9907699759898008	CHOLD2m	1.1.99.1
CHSTEROLSULT_pos	0.993064353554909	CHSTEROLSULT	2.8.2.2
CHTNASEe_pos	1.0000230255569955	CHTNASEe	3.2.1.14
CITL_pos	1.0061116101869232	CITL	4.1.3.6
CK_pos	0.9935242934453967	CK	2.7.3.2
CKc_neg	0.9935242934453967	CKc	2.7.3.2
CMPSAS_pos	1.0143570384035352	CMPSAS	2.7.7.43
CMPSASn_pos	1.0142730253558871	CMPSASn	2.7.7.43
CORE2GTg_pos	0.9876929413552323	CORE2GTg	2.4.1.102
CORE3GTg_pos	0.9941023182490307	CORE3GTg	2.4.1.147
CORE4GTg_pos	0.9941023182490307	CORE4GTg	2.4.1.148
CORE6GTg_pos	1.0261603471563285	CORE6GTg	2.4.1.102
COUCOAFm_pos	1.0148902404557987	COUCOAFm	6.2.1.12
CPPPGO_pos	0.9954490744809219	CPPPGO	1.3.3.3
CSNAT2m_pos	1.000262967592299	CSNAT2m	2.3.1.7
CSNAT2x_neg	0.9976024265858793	CSNAT2x	2.3.1.7
CSNAT2x_pos	0.9976024265858793	CSNAT2x	2.3.1.7
CSNAT3x_pos	1.0	CSNAT3x	2.3.1.7
CSNATer_neg	1.0	CSNATer	2.3.1.7
CSNATer_pos	1.0	CSNATer	2.3.1.7
CSNATm_pos	1.0517108199900826	CSNATm	2.3.1.7
CSNATp_neg	1.0087078133366347	CSNATp	2.3.1.7
CSNATp_pos	0.9956856037772679	CSNATp	2.3.1.7
CSNATr_neg	1.0	CSNATr	2.3.1.7
CSNATr_pos	1.0	CSNATr	2.3.1.7
CSND_pos	0.9992896317497758	CSND	3.5.4.1
CSm_pos	0.9871968457495705	CSm	4.1.3.7
CYSGLTH_neg	0.9907072085870401	CYSGLTH	1.8.4.4
CYSGLTH_pos	1.0010564733163894	CYSGLTH	1.8.4.4
CYSO_pos	1.002719739078094	CYSO	1.13.11.20
CYSTA_pos	0.9812107937248064	CYSTA	2.6.1.3
CYSTGL_pos	1.000066454838979	CYSTGL	4.4.1.1
CYSTS_pos	1.000066454838979	CYSTS	4.2.1.22
CYTD_pos	1.0768472529617397	CYTD	3.5.4.5
CYTDn_pos	1.1190929055499383	CYTDn	3.5.4.5
CYTK10_neg	0.965098512231126	CYTK10	2.7.4.14
CYTK10_pos	0.9650985122311262	CYTK10	2.7.4.14
CYTK10n_neg	0.9658760921151522	CYTK10n	2.7.4.14
CYTK10n_pos	0.9658760921151522	CYTK10n	2.7.4.14
CYTK11_neg	0.965098512231126	CYTK11	2.7.4.14
CYTK11_pos	0.965098512231126	CYTK11	2.7.4.14
CYTK11n_neg	0.9658760921151522	CYTK11n	2.7.4.14
CYTK11n_pos	0.9658760921151522	CYTK11n	2.7.4.14
CYTK12_neg	0.965098512231126	CYTK12	2.7.4.14
CYTK12_pos	0.965098512231126	CYTK12	2.7.4.14
CYTK12n_neg	0.9658760921151522	CYTK12n	2.7.4.14
CYTK12n_pos	0.9658760921151522	CYTK12n	2.7.4.14
CYTK13_neg	0.965098512231126	CYTK13	2.7.4.14
CYTK13_pos	0.965098512231126	CYTK13	2.7.4.14
CYTK13n_neg	0.9658760921151522	CYTK13n	2.7.4.14
CYTK13n_pos	0.9658760921151522	CYTK13n	2.7.4.14
CYTK14_neg	0.965098512231126	CYTK14	2.7.4.14
CYTK14_pos	0.965098512231126	CYTK14	2.7.4.14
CYTK14n_neg	0.9658760921151522	CYTK14n	2.7.4.14
CYTK14n_pos	0.9658760921151522	CYTK14n	2.7.4.14
CYTK1n_neg	0.9658760921151522	CYTK1n	2.7.4.14
CYTK1n_pos	0.9658760921151522	CYTK1n	2.7.4.14
CYTK2n_neg	0.9658760921151522	CYTK2n	2.7.4.14
CYTK2n_pos	0.9658760921151522	CYTK2n	2.7.4.14
CYTK3n_neg	0.9658760921151522	CYTK3n	2.7.4.14
CYTK3n_pos	0.9658760921151522	CYTK3n	2.7.4.14
CYTK4n_neg	0.9658760921151522	CYTK4n	2.7.4.14
CYTK4n_pos	0.9658760921151522	CYTK4n	2.7.4.14
CYTK5_neg	0.965098512231126	CYTK5	2.7.4.14
CYTK5_pos	0.965098512231126	CYTK5	2.7.4.14
CYTK5n_neg	0.9658760921151522	CYTK5n	2.7.4.14
CYTK5n_pos	0.9658760921151522	CYTK5n	2.7.4.14
CYTK6_neg	0.965098512231126	CYTK6	2.7.4.14
CYTK6_pos	0.965098512231126	CYTK6	2.7.4.14
CYTK6n_neg	0.9658760921151522	CYTK6n	2.7.4.14
CYTK6n_pos	0.9658760921151522	CYTK6n	2.7.4.14
CYTK7_neg	0.9650985122311257	CYTK7	2.7.4.14
CYTK7_pos	0.965098512231126	CYTK7	2.7.4.14
CYTK7n_neg	0.9658760921151522	CYTK7n	2.7.4.14
CYTK7n_pos	0.9658760921151522	CYTK7n	2.7.4.14
CYTK8_neg	0.965098512231126	CYTK8	2.7.4.14
CYTK8_pos	0.9650985122311262	CYTK8	2.7.4.14
CYTK8n_neg	0.9658760921151522	CYTK8n	2.7.4.14
CYTK8n_pos	0.9658760921151522	CYTK8n	2.7.4.14
CYTK9_neg	0.965098512231126	CYTK9	2.7.4.14
CYTK9_pos	0.965098512231126	CYTK9	2.7.4.14
CYTK9n_neg	0.9658760921151522	CYTK9n	2.7.4.14
CYTK9n_pos	0.9658760921151522	CYTK9n	2.7.4.14
D3AIBTm_neg	1.1026611660053043	D3AIBTm	2.6.1.40
D3AIBTm_pos	1.1026611660053043	D3AIBTm	2.6.1.40
DADA_pos	1.1664906666831978	DADA	3.5.4.4
DADAe_pos	1.1224181222249967	DADAe	3.5.4.4
DADNK_pos	1.015062180272211	DADNK	2.7.1.76
DAGK_hs_neg	1.0173083095738	DAGK_hs	2.7.1.107
DAGK_hs_pos	0.9901398388962397	DAGK_hs	2.7.1.107
DAGKn_hs_pos	1.0722116543289866	DAGKn_hs	2.7.1.107
DAGt_neg	1.0352272517554006	DAGt	2.7.1.107
DAGt_pos	1.0026462548755348	DAGt	2.7.1.107
DALAOXx_pos	0.9608613637455327	DALAOXx	1.4.3.3
DASCBR_pos	1.0288916304218862	DASCBR	1.6.5.4
DASPO1p_pos	0.9980037739500928	DASPO1p	1.4.3.1
DCK1n_neg	1.4484600983518943	DCK1n	2.7.1.74
DCK1n_pos	1.4484600983518943	DCK1n	2.7.1.74
DCK2n_neg	1.4484600983518943	DCK2n	2.7.1.74
DCK2n_pos	1.4484600983518943	DCK2n	2.7.1.74
DCMPDA_neg	1.0034093459823579	DCMPDA	3.5.4.12
DCMPDA_pos	1.0495407540707984	DCMPDA	3.5.4.12
DCSPTN1CPT1_pos	1.0017430719438583	DCSPTN1CPT1	2.3.1.21
DCT_pos	1.001482623957707	DCT	5.3.3.12
DCYTD_pos	1.0032907601610475	DCYTD	3.5.4.14
DCYTDn_pos	1.0124238585044123	DCYTDn	3.5.4.14
DDPGAm_pos	1.00650305199124	DDPGAm	4.1.2.14
DESAT16_2_pos	0.9869998882008664	DESAT16_2	1.14.19.1
DESAT18_10_pos	0.9988852843597117	DESAT18_10	1.14.19.1
DESAT18_3_pos	1.0193806507601852	DESAT18_3	1.14.19.1
DESAT18_4_pos	1.025269222476607	DESAT18_4	1.14.19.1
DESAT18_5_pos	1.0129859048655023	DESAT18_5	1.14.19.1
DESAT18_6_pos	1.0113923544617387	DESAT18_6	1.14.99.25
DESAT18_7_pos	1.006809482121627	DESAT18_7	1.14.19.1
DESAT18_8_pos	1.0257388305862858	DESAT18_8	1.14.99.25
DESAT18_9_pos	0.9997823049250653	DESAT18_9	1.14.99.25
DESAT20_1_pos	1.0003525883039335	DESAT20_1	1.14.19.1
DESAT20_2_pos	0.9963410140552169	DESAT20_2	1.14.19.1
DESAT22_1p_pos	0.9985340301149143	DESAT22_1p	1.14.19.1
DESAT22_2p_pos	1.0116790680445924	DESAT22_2p	1.14.19.1
DESAT24_1_pos	0.9975945471169237	DESAT24_1	1.14.99.25
DGK2m_neg	1.0090600429652843	DGK2m	2.7.4.8
DGK2m_pos	0.951692291533472	DGK2m	2.7.4.8
DGNSKm_pos	0.959853016567578	DGNSKm	2.7.1.113
DGULND_pos	0.8778647738289903	DGULND	4.1.1.34
DHCR71r_pos	1.0340959275977484	DHCR71r	1.3.1.21
DHCR72r_pos	1.033294019727383	DHCR72r	1.3.1.21
DHDPBMTm_pos	1.0148902404557987	DHDPBMTm	2.1.1.114
DHEASULT_pos	0.9879958293555056	DHEASULT	2.8.2.2
DHEAtr_neg	0.9994288205704454	DHEAtr	2.8.2.2
DHEAtr_pos	1.0248204067215372	DHEAtr	2.8.2.2
DHFR_neg	0.999511270187351	DHFR	1.5.1.3
DHFR_pos	1.063286240388262	DHFR	1.5.1.3
DHORD9_pos	1.0756905883909014	DHORD9	1.3.3.1
DHORTS_neg	1.0756905883909043	DHORTS	3.5.2.3
DHPM1_pos	1.0797003577480582	DHPM1	3.5.2.2
DHPM2_pos	1.0847575552245243	DHPM2	3.5.2.2
DHPR_pos	0.9996312804148353	DHPR	1.6.99.7
DLNLCGCPT1_pos	1.0072786132070641	DLNLCGCPT1	2.3.1.21
DMATT_pos	1.0356378937313007	DMATT	2.5.1.1
DMATTx_pos	1.0348132726667616	DMATTx	2.5.1.1
DMGDHm_pos	0.9962000906303673	DMGDHm	1.5.99.2
DOLASNT_Ler_pos	0.9417787384325327	DOLASNT_Ler	2.4.1.119
DOLASNT_Uer_pos	0.9417787384325331	DOLASNT_Uer	2.4.1.119
DOLDPP_Ler_pos	0.9417787384325327	DOLDPP_Ler	3.6.1.43
DOLDPP_Uer_pos	0.9417787384325293	DOLDPP_Uer	3.6.1.43
DOLGPP_Ler_pos	0.9988637299364552	DOLGPP_Ler	3.1.4.48
DOLGPP_Uer_pos	0.998863729936458	DOLGPP_Uer	3.1.4.48
DOLK_L_pos	1.0210920505610275	DOLK_L	2.7.1.108
DOLK_U_pos	1.0210920505610315	DOLK_U	2.7.1.108
DOLPH_Ler_pos	0.9417787384325327	DOLPH_Ler	3.1.3.51
DOLPH_Uer_pos	0.9417787384325293	DOLPH_Uer	3.1.3.51
DOLPMT1_Ler_pos	0.9417787384325327	DOLPMT1_Ler	2.4.1.130
DOLPMT1_Uer_pos	0.9417787384325293	DOLPMT1_Uer	2.4.1.130
DOLPMT2_Ler_pos	0.9417787384325327	DOLPMT2_Ler	2.4.1.130
DOLPMT2_Uer_pos	0.9417787384325293	DOLPMT2_Uer	2.4.1.130
DOLPMT3_Ler_pos	0.9430196469221505	DOLPMT3_Ler	2.4.1.130
DOLPMT3_Uer_pos	0.9430196469221461	DOLPMT3_Uer	2.4.1.130
DOLPMT4_Ler_pos	0.9988637299364524	DOLPMT4_Ler	2.4.1.130
DOLPMT4_Uer_pos	0.9988637299364524	DOLPMT4_Uer	2.4.1.130
DOLPMT_L_pos	0.9417787384325327	DOLPMT_L	2.4.1.83
DOLPMT_U_pos	0.9417787384325293	DOLPMT_U	2.4.1.83
DOPABMO_pos	1.004220028489459	DOPABMO	1.14.17.1
DOPACHRMISO_pos	1.0133016281071958	DOPACHRMISO	1.14.18.1
DOPASULT_pos	0.9957379149284618	DOPASULT	2.8.2.1
DPGM_pos	1.010286867220841	DPGM	5.4.2.1
DPGase_pos	1.010286867220841	DPGase	5.4.2.4
DPMVDx_pos	1.0129563382531084	DPMVDx	4.1.1.33
DRBK_pos	1.0111350853172765	DRBK	2.7.1.15
DRPA_pos	1.0686970273424377	DRPA	4.1.2.4
DURAD2_neg	1.0831663145064874	DURAD2	1.3.1.2
DURAD2_pos	1.0002382481134509	DURAD2	1.3.1.2
DURAD_neg	1.03804128162221	DURAD	1.3.1.2
DURIK1_pos	1.0005322110738628	DURIK1	2.7.1.21
DURIK1m_pos	0.9777080524464057	DURIK1m	2.7.1.21
DUTPDPm_pos	0.9725959322610469	DUTPDPm	3.6.1.23
DUTPDPn_pos	1.178875569268381	DUTPDPn	3.6.1.23
EBP1r_pos	1.0	EBP1r	5.3.3.5
EBP2r_pos	1.0	EBP2r	5.3.3.5
ECOAH12m_pos	1.000085227574025	ECOAH12m	4.2.1.17
ECOAH1m_neg	0.981043764079761	ECOAH1m	4.2.1.17
ECOAH1m_pos	1.0014898282537859	ECOAH1m	4.2.1.17
ECOAH9m_neg	1.0001762338950189	ECOAH9m	4.2.1.17
ECOAH9m_pos	1.0007182097875957	ECOAH9m	4.2.1.17
EHGLAT2m_pos	1.010270608781895	EHGLAT2m	2.6.1.21
EHGLATm_pos	1.0065030519912401	EHGLATm	2.6.1.1
EICOSTETCPT1_pos	0.9998593050917151	EICOSTETCPT1	2.3.1.21
ELAIDCPT1_pos	1.0162647647021057	ELAIDCPT1	2.3.1.21
ENGASE2ly_pos	0.9512731249037232	ENGASE2ly	3.2.1.96
ENGASE3ly_pos	0.9806187871480373	ENGASE3ly	3.2.1.96
ENGASEly_pos	0.9849982658774393	ENGASEly	3.2.1.96
ENO_neg	1.0614888438973296	ENO	4.2.1.11
ENO_pos	1.0329809690998828	ENO	4.2.1.11
ESTSULT_pos	0.9880424396998597	ESTSULT	2.8.2.4
ETFQO_pos	0.8639243827165035	ETFQO	1.5.5.1
ETHAK_pos	1.0290059693585911	ETHAK	2.7.1.82
F1PGT_pos	0.985498571378609	F1PGT	2.7.7.30
F6Tg_pos	0.9843282481457644	F6Tg	2.4.1.68
FACOAL140i_pos	1.0027667039636479	FACOAL140i	6.2.1.3
FACOAL150_pos	1.0063208285649772	FACOAL150	6.2.1.3
FACOAL160i_pos	1.0750655329116072	FACOAL160i	6.2.1.3
FACOAL170_pos	1.0043583474567341	FACOAL170	6.2.1.3
FACOAL180i_pos	1.0550756788452156	FACOAL180i	6.2.1.3
FACOAL1812_neg	1.0252692224766025	FACOAL1812	6.2.1.3
FACOAL1812_pos	0.9975994587504425	FACOAL1812	6.2.1.3
FACOAL1813_neg	1.039826069517844	FACOAL1813	6.2.1.3
FACOAL1813_pos	0.9975994587504424	FACOAL1813	6.2.1.3
FACOAL181i_pos	1.0551943399941608	FACOAL181i	6.2.1.3
FACOAL1821_neg	1.1322727594291966	FACOAL1821	6.2.1.3
FACOAL1821_pos	1.0481551114718433	FACOAL1821	6.2.1.3
FACOAL1822_neg	1.0245662381108696	FACOAL1822	6.2.1.3
FACOAL1822_pos	1.0069593742682768	FACOAL1822	6.2.1.3
FACOAL1831_neg	1.1382537619197988	FACOAL1831	6.2.1.3
FACOAL1831_pos	1.0029539828595202	FACOAL1831	6.2.1.3
FACOAL1832_pos	0.9985414785891045	FACOAL1832	6.2.1.3
FACOAL184_neg	0.9989528060681265	FACOAL184	6.2.1.3
FACOAL184_pos	1.0042581532447967	FACOAL184	6.2.1.3
FACOAL191_pos	1.0322549640373853	FACOAL191	6.2.1.3
FACOAL200_pos	1.0305527761376458	FACOAL200	6.2.1.3
FACOAL203_neg	0.9991476475390737	FACOAL203	6.2.1.3
FACOAL203_pos	1.0002478671343018	FACOAL203	6.2.1.3
FACOAL2042_neg	0.9992580045909564	FACOAL2042	6.2.1.3
FACOAL2042_pos	0.9964072907886221	FACOAL2042	6.2.1.3
FACOAL204_neg	1.0698684628979191	FACOAL204	6.2.1.3
FACOAL204_pos	1.000401914605934	FACOAL204	6.2.1.3
FACOAL205_neg	0.9978443864232887	FACOAL205	6.2.1.3
FACOAL205_pos	1.0045263904331843	FACOAL205	6.2.1.3
FACOAL206_pos	0.9955048039327532	FACOAL206	6.2.1.3
FACOAL224_neg	0.9995547169922769	FACOAL224	6.2.1.3
FACOAL224_pos	1.0016225099861609	FACOAL224	6.2.1.3
FACOAL2251_neg	0.9983846953211736	FACOAL2251	6.2.1.3
FACOAL2251_pos	0.9939737494575237	FACOAL2251	6.2.1.3
FACOAL2252_neg	1.001490820272838	FACOAL2252	6.2.1.3
FACOAL2252_pos	0.9986115699225303	FACOAL2252	6.2.1.3
FACOAL226_neg	1.005095459117638	FACOAL226	6.2.1.3
FACOAL226_pos	1.0014723419083646	FACOAL226	6.2.1.3
FACOAL240_neg	0.9935132064000637	FACOAL240	6.2.1.3
FACOAL240_pos	0.991001833374615	FACOAL240	6.2.1.3
FACOAL241_pos	0.9899212296864093	FACOAL241	6.2.1.3
FACOAL244_1_pos	0.9940762069132159	FACOAL244_1	6.2.1.3
FACOAL245_1_pos	0.9935132064000637	FACOAL245_1	6.2.1.3
FACOAL245_2_pos	0.9975945471169237	FACOAL245_2	6.2.1.3
FACOAL246_1_neg	0.9975945471169237	FACOAL246_1	6.2.1.3
FACOAL246_1_pos	0.9935132064000637	FACOAL246_1	6.2.1.3
FACOAL260_pos	0.9935132064000637	FACOAL260	6.2.1.3
FACOAL40im_pos	0.9973064094700607	FACOAL40im	6.2.1.2
FACOAL80i_pos	1.002889247446994	FACOAL80i	6.2.1.2
FADDP_pos	0.9927206911811658	FADDP	3.6.1.9
FAEL183_pos	1.0346110805500868	FAEL183	2.3.1.86
FAEL184_pos	0.9992580045909564	FAEL184	2.3.1.86
FAEL204_pos	1.0091371335305719	FAEL204	2.3.1.86
FAEL205_pos	1.0137191866858726	FAEL205	2.3.1.86
FALDH_neg	1.001400645644169	FALDH	1.2.1.1
FALDH_pos	1.001400645644169	FALDH	1.2.1.1
FAOXC11_pos	0.9955048039327532	FAOXC11	1.3.99.3
FAOXC140_pos	0.9844398502462067	FAOXC140	1.3.99.3
FAOXC150m_pos	1.0029055110957052	FAOXC150m	1.3.99.3
FAOXC16080m_pos	1.001539879762932	FAOXC16080m	4.2.1.74
FAOXC16080x_pos	0.9287890120355967	FAOXC16080x	4.2.1.74
FAOXC160_pos	0.9898176843357364	FAOXC160	1.3.99.3
FAOXC161802m_pos	1.0205041264263761	FAOXC161802m	4.2.1.74
FAOXC16180m_pos	1.0236455640672755	FAOXC16180m	4.2.1.74
FAOXC170m_pos	1.0043583474567344	FAOXC170m	1.3.99.3
FAOXC180_pos	1.010078790113523	FAOXC180	1.3.99.3
FAOXC180x_pos	0.9263630024957382	FAOXC180x	2.3.1.16
FAOXC1811601m_pos	1.0162647647021057	FAOXC1811601m	4.2.1.74
FAOXC1811602m_pos	1.0250584050781135	FAOXC1811602m	4.2.1.74
FAOXC1811603m_pos	1.0336441502429627	FAOXC1811603m	4.2.1.74
FAOXC182806m_pos	1.0027562880045797	FAOXC182806m	4.2.1.74
FAOXC18280m_pos	1.026876309882514	FAOXC18280m	4.2.1.74
FAOXC183803m_pos	1.0024335706535272	FAOXC183803m	4.2.1.74
FAOXC183806m_pos	1.002981298305714	FAOXC183806m	4.2.1.74
FAOXC183806x_pos	0.9915162788209202	FAOXC183806x	4.2.1.74
FAOXC18480m_pos	0.9988281469930441	FAOXC18480m	4.2.1.74
FAOXC18480x_pos	0.9996915669811355	FAOXC18480x	4.2.1.74
FAOXC200180m_pos	0.9971617704397657	FAOXC200180m	4.2.1.74
FAOXC200180x_pos	0.9401793479054258	FAOXC200180x	4.2.1.74
FAOXC2031836m_pos	1.0072786132070641	FAOXC2031836m	4.2.1.74
FAOXC204184m_pos	0.9998593050917151	FAOXC204184m	4.2.1.74
FAOXC204_pos	1.0035775257836903	FAOXC204	1.3.99.3
FAOXC2051843m_pos	0.9998132908087368	FAOXC2051843m	4.2.1.74
FAOXC2051843x_pos	0.9997830775709435	FAOXC2051843x	4.2.1.74
FAOXC2242046m_pos	1.0004107181313946	FAOXC2242046m	4.2.1.74
FAOXC2242046x_pos	1.0102345434947293	FAOXC2242046x	4.2.1.74
FAOXC2251836m_pos	0.9990762152413718	FAOXC2251836m	4.2.1.74
FAOXC2251836x_pos	1.000164299870856	FAOXC2251836x	4.2.1.74
FAOXC2252053m_pos	1.0096487336750106	FAOXC2252053m	4.2.1.74
FAOXC2252053x_pos	0.9970053638522354	FAOXC2252053x	4.2.1.74
FAOXC226205m_pos	1.011049307155158	FAOXC226205m	4.2.1.74
FAOXC226205x_pos	1.009882518806897	FAOXC226205x	4.2.1.74
FAOXC226_pos	1.007701912063052	FAOXC226	1.3.99.3
FAOXC240200x_pos	0.9920974005206384	FAOXC240200x	4.2.1.74
FAOXC241181x_pos	0.9899212296864093	FAOXC241181x	4.2.1.74
FAOXC2442246x_pos	0.9940762069132159	FAOXC2442246x	4.2.1.74
FAOXC2452253x_pos	0.9940762069132159	FAOXC2452253x	4.2.1.74
FAOXC2452256x_pos	0.9935132064000637	FAOXC2452256x	4.2.1.74
FAOXC246226x_pos	0.9912470402801876	FAOXC246226x	4.2.1.74
FAOXC260240x_pos	0.9935132064000637	FAOXC260240x	4.2.1.74
FAOXC80_pos	0.9844181917614552	FAOXC80	1.3.99.3
FAS100COA_pos	0.9258201148329563	FAS100COA	2.3.1.86
FAS120COA_pos	0.9258760960111304	FAS120COA	2.3.1.86
FAS140COA_pos	0.9261987123765019	FAS140COA	2.3.1.86
FAS160COA_pos	0.9316180089328028	FAS160COA	2.3.1.86
FAS180COA_pos	0.9257203507184736	FAS180COA	2.3.1.86
FAS80COA_L_pos	0.9574285312936117	FAS80COA_L	2.3.1.86
FBA2_pos	1.0810563136179951	FBA2	4.1.2.13
FBA4_pos	0.9697800104676599	FBA4	4.1.2.13
FBA5_pos	0.9950819309441651	FBA5	4.1.2.13
FBA_neg	1.0454740080196654	FBA	4.1.2.13
FBA_pos	1.1736424245936021	FBA	4.1.2.13
FBP26_pos	1.0150875782126947	FBP26	3.1.3.46
FBP_pos	1.0245077268591052	FBP	3.1.3.11
FCLTm_pos	0.9954490744809219	FCLTm	4.99.1.1
FDH_pos	0.9993929387428454	FDH	1.2.1.2
FKYNH_pos	0.9989542727583164	FKYNH	3.5.1.9
FK_pos	0.9854985713786085	FK	2.7.1.52
FMNAT_pos	0.9927206911811658	FMNAT	2.7.7.2
FPGS2_pos	1.0122025312502165	FPGS2	6.3.2.17
FPGS2m_pos	0.9706326641115034	FPGS2m	6.3.2.17
FPGS3_pos	1.0063978970730802	FPGS3	6.3.2.17
FPGS3m_pos	0.9660116133673499	FPGS3m	6.3.2.17
FPGS4_pos	1.0125829398137842	FPGS4	6.3.2.17
FPGS4m_pos	0.9706326641115034	FPGS4m	6.3.2.17
FPGS5_pos	1.0122025312502165	FPGS5	6.3.2.17
FPGS5m_pos	0.9706326641115034	FPGS5m	6.3.2.17
FPGS6_pos	1.0063978970730791	FPGS6	6.3.2.17
FPGS6m_pos	0.9660116133673499	FPGS6m	6.3.2.17
FPGS7_pos	1.0125829398137842	FPGS7	6.3.2.17
FPGS7m_pos	0.9757198340862747	FPGS7m	6.3.2.17
FPGS8_pos	1.0122025312502174	FPGS8	6.3.2.17
FPGS8m_pos	0.9708638024220212	FPGS8m	6.3.2.17
FPGS9_pos	1.0063978970730791	FPGS9	6.3.2.17
FPGS9m_pos	0.9663838883977831	FPGS9m	6.3.2.17
FPGS_pos	1.0125829398137842	FPGS	6.3.2.17
FPGSm_pos	0.9757437413637177	FPGSm	6.3.2.17
FTCD_pos	1.001193723929822	FTCD	4.3.1.4
FTHFCL_pos	1.001726746944791	FTHFCL	6.3.3.2
FTHFDH_pos	1.0232359798203792	FTHFDH	1.5.1.6
FTHFLm_pos	1.003518339432517	FTHFLm	6.3.4.3
FUCASE2e_pos	1.0069098574662632	FUCASE2e	3.2.1.51
FUCASE2ly_pos	0.9806187871480373	FUCASE2ly	3.2.1.51
FUCASEe_pos	0.9948688767343643	FUCASEe	3.2.1.51
FUCASEly_pos	0.9851597846409871	FUCASEly	3.2.1.51
FUMAC_pos	1.006524287013388	FUMAC	3.7.1.2
FUM_neg	1.0	FUM	4.2.1.2
FUM_pos	1.0	FUM	4.2.1.2
FUMm_neg	1.0	FUMm	4.2.1.2
FUMm_pos	1.0	FUMm	4.2.1.2
FUT11g_pos	1.0041400975389296	FUT11g	2.4.1.69
FUT12g_pos	1.0042287990163667	FUT12g	2.4.1.69
FUT14g_pos	1.0060974766648794	FUT14g	2.4.1.69
FUT15g_pos	1.0023461303345576	FUT15g	2.4.1.69
FUT16g_pos	1.0085797342149259	FUT16g	2.4.1.69
FUT17g_pos	1.0012968239470492	FUT17g	2.4.1.69
FUT18g_pos	1.00110854420911	FUT18g	2.4.1.69
FUT31g_pos	1.0061398374084212	FUT31g	2.4.1.65
FUT32g_pos	1.0074621793484326	FUT32g	2.4.1.65
FUT33g_pos	1.0054120010995462	FUT33g	2.4.1.65
FUT34g_pos	1.0042287990163667	FUT34g	2.4.1.65
FUT35g_pos	1.0021869132123955	FUT35g	2.4.1.65
FUT910g_pos	1.0009418608568033	FUT910g	2.4.1.152
FUT911g_pos	1.0009418608568033	FUT911g	2.4.1.152
FUT91g_pos	1.0081208722968762	FUT91g	2.4.1.152
FUT92g_pos	1.0074621793484335	FUT92g	2.4.1.152
FUT93g_pos	1.0060974766648794	FUT93g	2.4.1.152
FUT94g_pos	0.9994423128933433	FUT94g	2.4.1.152
FUT95g_pos	0.9994423128933433	FUT95g	2.4.1.152
FUT96g_pos	1.0066236171834066	FUT96g	2.4.1.152
FUT97g_pos	1.0066236171834066	FUT97g	2.4.1.152
FUT98g_pos	1.0091980247536119	FUT98g	2.4.1.152
FUT99g_pos	1.0009418608568033	FUT99g	2.4.1.152
G12MT1_L_pos	0.9417787384325327	G12MT1_L	2.4.1.131
G12MT1_U_pos	0.9417787384325293	G12MT1_U	2.4.1.131
G12MT2_L_pos	0.9417787384325327	G12MT2_L	2.4.1.131
G12MT2_U_pos	0.9417787384325293	G12MT2_U	2.4.1.131
G13MT_L_pos	0.9417787384325327	G13MT_L	2.4.1.132
G13MT_U_pos	0.9417787384325293	G13MT_U	2.4.1.132
G14T10g_pos	0.9488209665104896	G14T10g	2.4.1.38
G14T11g_pos	0.9488209665104896	G14T11g	2.4.1.38
G14T12g_pos	0.9488209665104896	G14T12g	2.4.1.38
G14T13g_pos	0.9488209665104896	G14T13g	2.4.1.38
G14T14g_pos	0.9488209665104896	G14T14g	2.4.1.38
G14T15g_pos	0.9488209665104896	G14T15g	2.4.1.38
G14T16g_pos	0.9488209665104896	G14T16g	2.4.1.38
G14T17g_pos	0.9488209665104896	G14T17g	2.4.1.38
G14T18g_pos	0.9941023182490307	G14T18g	2.4.1.38
G14T19g_pos	0.9941023182490307	G14T19g	2.4.1.38
G14T20g_pos	0.9941023182490284	G14T20g	2.4.1.38
G14T21g_pos	0.9941023182490284	G14T21g	2.4.1.38
G14T2g_pos	0.9889933860510653	G14T2g	2.4.1.38
G14T3g_pos	0.9889933860510653	G14T3g	2.4.1.38
G14T4g_pos	0.9889933860510653	G14T4g	2.4.1.38
G14T5g_pos	0.9889933860510653	G14T5g	2.4.1.38
G14T6g_pos	0.9488209665104896	G14T6g	2.4.1.38
G14T7g_pos	0.9488209665104896	G14T7g	2.4.1.38
G14T8g_pos	0.9488209665104896	G14T8g	2.4.1.38
G14T9g_pos	0.9488209665104896	G14T9g	2.4.1.38
G14Tg_pos	0.9843282481457644	G14Tg	2.4.1.38
G3PD1_neg	1.0005703356368347	G3PD1	1.1.1.94
G3PD1_pos	1.0005462761463975	G3PD1	1.1.1.94
G3PD2m_pos	0.9836809015312009	G3PD2m	1.1.99.5
G5SDym_pos	1.0224341364361753	G5SDym	1.2.1.41
G6PDA_pos	0.9940116809459663	G6PDA	3.5.99.6
G6PDH1rer_neg	1.0	G6PDH1rer	1.1.1.47
G6PDH1rer_pos	1.0	G6PDH1rer	1.1.1.47
G6PDH2r_neg	1.0	G6PDH2r	1.1.1.49
G6PDH2r_pos	0.9566634980024824	G6PDH2r	1.1.1.49
G6PDH2rer_neg	1.0	G6PDH2rer	1.1.1.47
G6PDH2rer_pos	1.0	G6PDH2rer	1.1.1.47
G6PPer_pos	1.0213816597216794	G6PPer	3.1.3.9
GACMTRc_neg	1.0034551043973738	GACMTRc	2.1.1.2
GACMTRc_pos	1.0296134232196539	GACMTRc	2.1.1.2
GAL3ST11_pos	0.9530600923906977	GAL3ST11	2.8.2.11
GAL3ST12_pos	1.0031898082524422	GAL3ST12	2.8.2.11
GALASE10ly_pos	0.9806187871480304	GALASE10ly	3.2.1.23
GALASE11ly_pos	0.9806187871480341	GALASE11ly	3.2.1.23
GALASE12ly_pos	0.9806187871480407	GALASE12ly	3.2.1.23
GALASE13ly_pos	0.9806187871480336	GALASE13ly	3.2.1.23
GALASE14ly_pos	0.9806187871480369	GALASE14ly	3.2.1.23
GALASE15ly_pos	0.9806187871480335	GALASE15ly	3.2.1.23
GALASE16ly_pos	0.9891647792071446	GALASE16ly	3.2.1.23
GALASE17ly_pos	0.9893358924921992	GALASE17ly	3.2.1.23
GALASE18ly_pos	0.9893358924922016	GALASE18ly	3.2.1.23
GALASE19ly_pos	1.0261371961708217	GALASE19ly	3.2.1.18
GALASE1ly_pos	0.9849982658774393	GALASE1ly	3.2.1.23
GALASE20ly_pos	0.9937940323231916	GALASE20ly	3.2.1.23
GALASE3ly_pos	0.9806187871480373	GALASE3ly	3.2.1.23
GALASE4ly_pos	0.9806187871480304	GALASE4ly	3.2.1.23
GALASE5ly_pos	0.9806187871480403	GALASE5ly	3.2.1.23
GALASE6ly_pos	0.9806187871480372	GALASE6ly	3.2.1.23
GALASE7ly_pos	0.9806187871480408	GALASE7ly	3.2.1.23
GALASE8ly_pos	0.9806187871480341	GALASE8ly	3.2.1.23
GALASE9ly_pos	0.980618787148034	GALASE9ly	3.2.1.23
GALC_pos	1.0255825116274517	GALC	3.2.1.46
GALGT1_pos	1.009122360497849	GALGT1	2.4.1.92
GALGT2_pos	1.0126148009486124	GALGT2	2.4.1.92
GALGT3_pos	1.0143193774478474	GALGT3	2.4.1.92
GALGT4_pos	1.017380469491644	GALGT4	2.4.1.92
GALK_pos	1.0050015155298633	GALK	2.7.1.6
GALNTg_pos	1.0251161896612753	GALNTg	2.4.1.41
GALT_neg	1.0	GALT	2.7.7.12
GALT_pos	1.0	GALT	2.7.7.12
GALU_neg	1.0	GALU	2.7.7.9
GALU_pos	1.0	GALU	2.7.7.9
GAMYe_pos	1.001052204949228	GAMYe	3.2.1.3
GAPD_neg	0.9773175815015858	GAPD	1.2.1.12
GAPD_pos	0.9721523672531088	GAPD	1.2.1.12
GARFT_pos	1.0412713185535407	GARFT	2.1.2.2
GASNASE2ly_pos	0.9512731249037232	GASNASE2ly	3.5.1.26
GASNASE3ly_pos	0.9806187871480373	GASNASE3ly	3.5.1.26
GASNASEly_pos	0.9849982658774393	GASNASEly	3.5.1.26
GBA_pos	0.9516405663140216	GBA	3.2.1.45
GBAl_pos	1.02695655071722	GBAl	3.2.1.45
GBGT1_pos	1.0081969392538532	GBGT1	2.4.1.88
GCALDD_pos	0.9892540394695505	GCALDD	1.2.1.21
GCC2am_pos	0.9822823155389154	GCC2am	2.1.2.10
GCC2bim_pos	0.9822823155389154	GCC2bim	1.8.1.4
GCC2cm_pos	0.9822823155389154	GCC2cm	2.1.2.10
GCCam_pos	0.9822823155389154	GCCam	2.1.2.10
GCCbim_pos	0.9822823155389154	GCCbim	1.8.1.4
GCCcm_pos	0.9822823155389154	GCCcm	2.1.2.10
GCNTg_pos	1.00110854420911	GCNTg	2.4.1.150
GF6PTA_pos	0.9972732228215732	GF6PTA	2.6.1.16
GFUCS_pos	1.0089467406417605	GFUCS	1.1.1.271
GGLUCT_pos	1.024693205657666	GGLUCT	2.3.2.4
GGT5r_pos	1.0032378425234947	GGT5r	2.3.2.2
GGT6_neg	1.0	GGT6	2.3.2.2
GGT6_pos	1.0	GGT6	2.3.2.2
GHMT2r_neg	0.9511878660122529	GHMT2r	2.1.2.1
GHMT2r_pos	0.9775503089516411	GHMT2r	2.1.2.1
GHMT2rm_pos	0.951120579283176	GHMT2rm	2.1.2.1
GLAl_pos	1.0044733812986373	GLAl	3.2.1.22
GLB1_pos	1.02695655071722	GLB1	3.2.1.23
GLBRAN_pos	0.9470844200258134	GLBRAN	2.4.1.18
GLCAASE1ly_pos	1.0089587107803852	GLCAASE1ly	3.2.1.31
GLCAASE4ly_pos	1.0035590128649405	GLCAASE4ly	3.2.1.31
GLCAASE5ly_pos	1.0035825519476334	GLCAASE5ly	3.2.1.31
GLCAASE6ly_pos	1.0042105239526435	GLCAASE6ly	3.2.1.31
GLCAASE7ly_pos	1.0042139566368	GLCAASE7ly	3.2.1.31
GLCAASE8ly_pos	0.9559208670350213	GLCAASE8ly	3.2.1.31
GLCAASE9ly_pos	0.9559208670350213	GLCAASE9ly	3.2.1.31
GLCNACASE1ly_pos	1.0089587107803852	GLCNACASE1ly	3.2.1.50
GLCNACASE2ly_pos	1.0089587107803852	GLCNACASE2ly	3.2.1.50
GLCNACASE3ly_pos	1.0089587107803852	GLCNACASE3ly	3.2.1.50
GLCNACASE4ly_pos	1.0089587107803852	GLCNACASE4ly	3.2.1.50
GLCNACASE5ly_pos	1.0089587107803852	GLCNACASE5ly	3.2.1.50
GLCNACPT_L_pos	0.9417787384325327	GLCNACPT_L	2.7.8.15
GLCNACPT_U_pos	0.9417787384325293	GLCNACPT_U	2.7.8.15
GLCNACT_L_pos	0.9417787384325327	GLCNACT_L	2.4.1.141
GLCNACT_U_pos	0.9417787384325293	GLCNACT_U	2.4.1.141
GLDBRAN_pos	0.9470844200258134	GLDBRAN	3.2.1.33
GLGNS1_pos	0.9470844200258134	GLGNS1	2.4.1.11
GLNLASEer_neg	0.9993422781378464	GLNLASEer	3.1.1.17
GLPASE1_pos	0.9470844200258134	GLPASE1	2.4.1.1
GLPASE2_pos	0.9470844200258134	GLPASE2	2.4.1.1
GLRASE_neg	0.9993422781378464	GLRASE	1.1.1.20
GLU5Km_pos	1.0224341364361753	GLU5Km	2.7.2.11
GLUDC_pos	1.005337372460372	GLUDC	4.1.1.15
GLUDxm_neg	0.9892942379819559	GLUDxm	1.4.1.3
GLUDxm_pos	1.0085343617304483	GLUDxm	1.4.1.3
GLUDym_neg	1.0085343617304483	GLUDym	1.4.1.4
GLUDym_pos	0.9892942379819559	GLUDym	1.4.1.4
GLUNm_pos	1.0339175624524957	GLUNm	3.5.1.2
GLUPRT_pos	1.0412713185535372	GLUPRT	2.4.2.14
GLUTCOADHm_pos	0.9958504119948065	GLUTCOADHm	1.3.99.7
GLXO1_pos	1.0539991602460754	GLXO1	1.2.3.5
GLXO2p_pos	1.0380231450963397	GLXO2p	1.1.3.15
GLYAMDTRc_neg	1.0034551043973736	GLYAMDTRc	2.1.4.1
GLYAMDTRc_pos	1.0296134232196523	GLYAMDTRc	2.1.4.1
GLYATm_pos	1.0723581977507541	GLYATm	2.3.1.29
GLYCK2_pos	0.9621603826329809	GLYCK2	2.7.1.31
GLYCLTDy_pos	0.9802668064596707	GLYCLTDy	1.1.1.79
GLYKm_pos	0.9833692979991807	GLYKm	2.7.1.30
GLYOX_pos	1.0680402523666022	GLYOX	3.1.2.6
GMAND_pos	1.00882084908505	GMAND	4.2.1.47
GMPR_pos	1.0	GMPR	1.7.1.7
GMPtg_pos	1.0005703177074148	GMPtg	6.3.5.2
GND_pos	0.9564275916796465	GND	1.1.1.44
GNDc_pos	0.9464956123799525	GNDc	1.1.1.44
GNDer_pos	0.9817483933556455	GNDer	1.1.1.44
GNMT_pos	0.9917509992712883	GNMT	2.1.1.20
GPAM_hs_pos	0.9873950214352915	GPAM_hs	2.3.1.15
GPDDA1_pos	0.9935371971659839	GPDDA1	3.1.4.46
GRTT_pos	1.0356378937313007	GRTT	2.5.1.10
GRTTx_pos	1.0348132726667616	GRTTx	2.5.1.10
GTHO_pos	1.0015158746136004	GTHO	1.8.1.7
GTHOm_pos	1.0018237785025903	GTHOm	1.8.1.7
GTHP_pos	1.0135320305175668	GTHP	1.11.1.9
GTHPe_pos	0.9976368953224496	GTHPe	1.11.1.9
GTHPm_pos	1.0143714839461082	GTHPm	1.11.1.9
GTMLTe_pos	1.0248738674380866	GTMLTe	2.3.2.2
GUACYC_pos	0.9864846123429343	GUACYC	4.6.1.2
GUAD_pos	1.0	GUAD	3.5.4.3
GUAPRT_pos	1.0040339473938502	GUAPRT	2.4.2.8
GULN3D_pos	0.877864773829001	GULN3D	1.1.1.45
GULNDer_neg	0.9347663730166275	GULNDer	1.1.1.19
GULNDer_pos	0.9993013723013896	GULNDer	1.1.1.19
GluForTx_pos	1.001193723929822	GluForTx	2.1.2.5
H2CO3D_neg	1.0185071121376323	H2CO3D	4.2.1.1
H2CO3D_pos	1.0395011914641263	H2CO3D	4.2.1.1
HACD1m_neg	0.9810437640797611	HACD1m	1.1.1.35
HACD1m_pos	1.0014898282537859	HACD1m	1.1.1.35
HACD9m_neg	1.0001762338950189	HACD9m	1.1.1.35
HACD9m_pos	1.0007182097875957	HACD9m	1.1.1.35
HAS1_pos	0.9757690585920218	HAS1	2.4.1.212
HAS2_pos	0.9571774527474678	HAS2	2.4.1.212
HEX10_pos	1.0027366955791615	HEX10	2.7.1.1
HEX4_pos	0.942123381890188	HEX4	2.7.1.7
HEX7_pos	1.0295009994490083	HEX7	2.7.1.1
HGNTOR_pos	1.006524287013388	HGNTOR	1.13.11.5
HIBDm_pos	0.9997975092965988	HIBDm	1.1.1.31
HISDC_pos	0.9991087527578124	HISDC	4.1.1.28
HISD_pos	1.0011937239298219	HISD	4.3.1.3
HKYNH_pos	1.000068556757092	HKYNH	3.7.1.3
HKt_pos	1.0058558899563814	HKt	3.6.3.10
HMBS_pos	0.9954490744809219	HMBS	4.3.1.8
HMGCOASi_pos	0.9838687538753876	HMGCOASi	4.1.3.5
HMGCOASim_pos	1.0099612711497186	HMGCOASim	4.1.3.5
HMGLm_pos	1.001162168586654	HMGLm	4.1.3.4
HMGLx_pos	1.0485498280093417	HMGLx	4.1.3.4
HOXG_pos	0.9954878459365842	HOXG	1.14.99.3
HPDCACRNCPT1_pos	1.0043583474567344	HPDCACRNCPT1	2.3.1.21
HPYRDC_pos	0.9978538899646106	HPYRDC	4.1.1.40
HPYRR2x_pos	1.0321302553602167	HPYRR2x	1.1.1.27
HPYRRy_pos	0.99814403583343	HPYRRy	1.1.1.79
HS1ly_pos	1.0089587107803852	HS1ly	3.10.1.1
HS2ly_pos	1.0089587107803852	HS2ly	3.10.1.1
HS3ly_pos	1.0089587107803852	HS3ly	3.10.1.1
HS4ly_pos	1.0089587107803852	HS4ly	3.10.1.1
HSAT1ly_pos	1.0089587107803852	HSAT1ly	2.3.1.78
HSAT2ly_pos	1.0089587107803852	HSAT2ly	2.3.1.78
HSAT3ly_pos	1.0089587107803852	HSAT3ly	2.3.1.78
HSAT4ly_pos	1.0089587107803852	HSAT4ly	2.3.1.78
HSD11B1r_neg	1.0	HSD11B1r	1.1.1.146
HSD11B1r_pos	1.0	HSD11B1r	1.1.1.146
HSD17B1_neg	0.9268216508080394	HSD17B1	1.1.1.62
HSD17B1_pos	1.0213931761709547	HSD17B1	1.1.1.62
HSD17B2r_pos	1.0263531760219506	HSD17B2r	1.1.1.62
HSD17B3r_pos	1.026171586846056	HSD17B3r	1.1.1.62
HSD17B7r_pos	0.9268216508080394	HSD17B7r	1.1.1.62
HSD17B8r_pos	0.9315949203547041	HSD17B8r	1.1.1.62
HSD17B9r_pos	1.0161412908136167	HSD17B9r	1.1.1.62
HSD3A1r_neg	1.0	HSD3A1r	1.1.1.225
HSD3A1r_pos	1.0	HSD3A1r	1.1.1.225
HSD3A2r_neg	1.0	HSD3A2r	1.1.1.225
HSD3A2r_pos	1.0	HSD3A2r	1.1.1.225
HXPRT_pos	1.004033947393852	HXPRT	2.4.2.8
ICDHxm_pos	0.997072009559795	ICDHxm	1.1.1.41
ICDHy_pos	0.9873099827700842	ICDHy	1.1.1.42
ICDHyp_pos	1.0223323741992862	ICDHyp	1.1.1.42
ICDHyrm_neg	0.9938679070518248	ICDHyrm	1.1.1.42
ICDHyrm_pos	1.0342556636622333	ICDHyrm	1.1.1.42
IDHPOXOX2b_pos	1.0000166279125862	IDHPOXOX2b	1.11.1.8
IDHPOXOX3_pos	1.0007193282037519	IDHPOXOX3	1.11.1.8
IDHPOXOX4_pos	1.0000166279125862	IDHPOXOX4	1.11.1.8
IDHPOXOXb_pos	1.0007193282037516	IDHPOXOXb	1.11.1.8
IDOAASE1ly_pos	1.0089587107803852	IDOAASE1ly	3.2.1.76
IDOAASE2ly_pos	1.0089587107803852	IDOAASE2ly	3.2.1.76
IDOAASE3ly_pos	1.0089587107803852	IDOAASE3ly	3.2.1.76
IDOAASE4ly_pos	1.0026823154901876	IDOAASE4ly	3.2.1.76
ILETA_neg	1.0035992203607953	ILETA	2.6.1.42
ILETA_pos	1.0021059856787617	ILETA	2.6.1.42
ILETAm_neg	1.0021566832954543	ILETAm	2.6.1.42
ILETAm_pos	0.9999492447440944	ILETAm	2.6.1.42
IMPC_neg	1.0396947838103556	IMPC	3.5.4.10
IMPC_pos	0.9988688256563789	IMPC	3.5.4.10
IMPD_pos	1.0486562621361426	IMPD	1.1.1.205
INOSTO_pos	1.0048129939513264	INOSTO	1.13.99.1
IPDDIx_pos	1.0348132726667636	IPDDIx	5.3.3.2
IPDPtx_neg	1.0348132726667671	IPDPtx	5.3.3.2
IPDPtx_pos	1.0156382088686955	IPDPtx	5.3.3.2
ITCOAL1m_neg	0.7961375254876276	ITCOAL1m	6.2.1.4
ITCOAL1m_pos	0.7961375254876275	ITCOAL1m	6.2.1.4
ITCOALm_neg	0.7961375254876275	ITCOALm	6.2.1.5
ITCOALm_pos	0.7961375254876276	ITCOALm	6.2.1.5
KAS8_pos	0.9768984075387944	KAS8	2.3.1.85
KHK2_pos	0.9697800104676602	KHK2	2.7.1.3
KHK3_pos	0.9950819309441651	KHK3	2.7.1.3
KHK_pos	1.0810563136179951	KHK	2.7.1.3
KYN3OX_pos	1.0002562275118319	KYN3OX	1.14.13.9
KYN_pos	0.9983656506599372	KYN	3.7.1.3
LACZe_pos	1.0842851829211053	LACZe	3.2.1.23
LALDO2x_pos	0.9983900221987894	LALDO2x	1.1.1.21
LALDO_neg	0.9966466883002207	LALDO	1.1.1.1
LALDO_pos	1.08955348114233	LALDO	1.1.1.1
LAPCOAl_pos	1.0402700624509489	LAPCOAl	3.1.3.2
LCADi_D_pos	1.0048582070922603	LCADi_D	1.2.1.21
LCADi_pos	1.0464212895019822	LCADi	1.2.1.21
LCAT1e_pos	1.0046193734539843	LCAT1e	2.3.1.43
LCYSTAT_pos	1.0157148678572094	LCYSTAT	2.6.1.1
LCYSTCBOXL_pos	1.0196093579476238	LCYSTCBOXL	4.1.1.15
LDH_D_neg	1.0302294622288568	LDH_D	1.1.1.28
LDH_D_pos	1.0899975403466236	LDH_D	1.1.1.28
LDH_L_neg	1.0006571031879452	LDH_L	1.1.1.27
LDH_L_pos	1.036484284804876	LDH_L	1.1.1.27
LEUKTRA4t_neg	0.9855254809317419	LEUKTRA4t	1.1.1.27
LEUKTRA4t_pos	0.9955529738557848	LEUKTRA4t	1.1.1.27
LEUTA_neg	1.0045087691580368	LEUTA	2.6.1.6
LEUTA_pos	1.0021324620508085	LEUTA	2.6.1.6
LEUTAm_neg	1.002154618641584	LEUTAm	2.6.1.6
LEUTAm_pos	0.9998583153117367	LEUTAm	2.6.1.6
LFORKYNHYD_pos	0.9983656506599373	LFORKYNHYD	3.7.1.3
LGTHL_pos	0.9966466883002207	LGTHL	4.4.1.5
LNELDCCPT1_pos	1.0266782428517767	LNELDCCPT1	2.3.1.21
LNLCCPT1_pos	1.0057867797959645	LNLCCPT1	2.3.1.21
LNLNCACPT1_pos	1.0024335706535272	LNLNCACPT1	2.3.1.21
LNLNCGCPT1_pos	0.9996392100432565	LNLNCGCPT1	2.3.1.21
LNLNCGCPT2_pos	0.9996392100432565	LNLNCGCPT2	2.3.1.21
LNSTLSr_pos	1.0340959275977488	LNSTLSr	5.4.99.7
LPCOXp_pos	0.9995929659404249	LPCOXp	1.5.3.7
LPS2_pos	1.0338660514770115	LPS2	3.1.1.3
LPS2e_pos	1.034965319193273	LPS2e	3.1.1.3
LPS3_pos	0.9892751348853008	LPS3	3.1.1.23
LPS3e_pos	0.990060399052241	LPS3e	3.1.1.23
LPS_pos	1.0254683307199632	LPS	3.1.1.3
LPSe_pos	1.0025851628024864	LPSe	3.1.1.3
LSTO1r_pos	1.0340959275977484	LSTO1r	1.3.3.2
LSTO2r_pos	1.0340959275977488	LSTO2r	1.3.3.2
LTA4H_pos	0.9967004984630626	LTA4H	3.3.2.6
LTC4CP_neg	1.0	LTC4CP	2.3.2.2
LTC4CP_pos	1.0	LTC4CP	2.3.2.2
LTC4Sr_pos	1.0032378425234947	LTC4Sr	4.4.1.20
LTD4DP_neg	1.0	LTD4DP	2.3.2.2
LTD4DP_pos	1.0	LTD4DP	2.3.2.2
LYSOXp_pos	0.9995929659404249	LYSOXp	1.4.3.14
M1316Mg_pos	0.9417787384325291	M1316Mg	3.2.1.114
M13N2Tg_pos	0.9417787384325291	M13N2Tg	2.4.1.101
M13N4Tg_pos	1.0080199008396433	M13N4Tg	2.4.1.145
M14NTg_pos	0.9509553193281719	M14NTg	2.4.1.144
M16N4Tg_pos	1.0080199008396433	M16N4Tg	2.4.1.201
M16N6Tg_pos	1.0080199008396433	M16N6Tg	2.4.1.155
M16NTg_pos	0.9417787384325291	M16NTg	2.4.1.143
MACACI_pos	1.006524287013388	MACACI	5.2.1.2
MACOXO_pos	1.0016213055563896	MACOXO	1.2.1.5
MAGt_neg	0.9901983485385147	MAGt	1.2.1.5
MAGt_pos	1.0348471487524444	MAGt	1.2.1.5
MALT_pos	1.0187176092021208	MALT	3.2.1.20
MALTe_pos	1.0011760186670802	MALTe	3.2.1.20
MAN1PT2_pos	0.9611810229055885	MAN1PT2	2.7.7.22
MAN6PI_neg	1.006974847027263	MAN6PI	5.3.1.8
MAN6PI_pos	1.0102040630215312	MAN6PI	5.3.1.8
MAOX_pos	1.0001875705871353	MAOX	1.4.3.6
MCCCrm_neg	0.9995546898585486	MCCCrm	6.4.1.4
MCCCrm_pos	1.0000111483069731	MCCCrm	6.4.1.4
MCDm_pos	1.0132500290216355	MCDm	4.1.1.9
MCITS_pos	1.0251411972612372	MCITS	2.3.3.5
MCLOR_neg	0.9989945675728616	MCLOR	1.1.1.27
MCPST_pos	1.0030695219027574	MCPST	2.8.1.2
MDH_neg	1.0456107785738333	MDH	1.1.1.37
MDH_pos	1.0123010263307215	MDH	1.1.1.37
MDHm_neg	0.9992214706738729	MDHm	1.1.1.37
MDHm_pos	1.061780581748538	MDHm	1.1.1.37
ME1m_pos	0.9983526438074931	ME1m	1.1.1.40
ME2_pos	0.9656767316673769	ME2	1.1.1.40
ME2m_pos	0.99657142675872	ME2m	1.1.1.40
MECOALm_neg	0.7961375254876276	MECOALm	6.2.1.5
MECOALm_pos	0.7961375254876276	MECOALm	6.2.1.5
MECOAS1m_neg	0.7961375254876276	MECOAS1m	6.2.1.4
MECOAS1m_pos	0.7961375254876276	MECOAS1m	6.2.1.4
MELATNOX_pos	1.0095986981611056	MELATNOX	1.14.14.1
METS_pos	1.004928908629686	METS	2.1.1.13
MEVK1x_pos	1.0129563382531084	MEVK1x	2.7.1.36
MG1er_pos	0.9417787384325285	MG1er	3.2.1.106
MGCHrm_neg	0.9995546898585486	MGCHrm	4.2.1.18
MGCHrm_pos	1.0000111483069731	MGCHrm	4.2.1.18
MGSA2_pos	0.9837282934538009	MGSA2	4.2.3.3
MGSA_pos	0.9758816739302971	MGSA	4.2.3.3
MHISOR_pos	1.0016213055563896	MHISOR	1.4.3.4
MI1345PP_pos	1.0302245032541626	MI1345PP	3.1.3.56
MI134PP_pos	1.0302245032541597	MI134PP	3.1.3.61
MI13PP_pos	1.0324664602645375	MI13PP	3.1.3.64
MI145PK_pos	1.0302245032541626	MI145PK	2.7.1.127
MI145PP_pos	1.0528041680947589	MI145PP	3.1.3.56
MI14PP_pos	0.969355875727244	MI14PP	3.1.3.61
MI1PP_pos	0.9888831655723924	MI1PP	3.1.3.25
MI1PS_pos	1.018379960431604	MI1PS	5.5.1.4
MI34PP_pos	1.0302245032541597	MI34PP	3.1.3.66
MI3PP_pos	1.0302245032541597	MI3PP	3.1.3.25
MI4PP_pos	0.969355875727244	MI4PP	3.1.3.25
MM5ag_pos	0.9417787384325317	MM5ag	3.2.1.113
MM5bg_pos	0.9418250788773636	MM5bg	3.2.1.113
MM5cg_pos	0.9418250788773673	MM5cg	3.2.1.113
MM6B1ag_pos	0.9418250788773673	MM6B1ag	3.2.1.113
MM6B1bg_pos	0.9418250788773678	MM6B1bg	3.2.1.113
MM6B2g_pos	0.9418250788773673	MM6B2g	3.2.1.113
MM6ag_pos	0.9418710200059431	MM6ag	3.2.1.113
MM6bg_pos	0.9417787384325333	MM6bg	3.2.1.113
MM7Ag_pos	0.9418710200059431	MM7Ag	3.2.1.113
MM7B1g_pos	0.9418250788773673	MM7B1g	3.2.1.113
MM7B2g_pos	0.9418250788773633	MM7B2g	3.2.1.113
MM7Cag_pos	0.9417787384325331	MM7Cag	3.2.1.113
MM7Cbg_pos	0.9417787384325361	MM7Cbg	3.2.1.113
MM8Ag_pos	0.9417787384325327	MM8Ag	3.2.1.113
MM8Ber_pos	0.9418250788773671	MM8Ber	3.2.1.113
MM8Cg_pos	0.9417787384325361	MM8Cg	3.2.1.113
MMCDm_pos	1.0206643225379357	MMCDm	4.1.1.9
MMEm_neg	1.0503202973212047	MMEm	5.1.99.1
MMEm_pos	0.9953813568219705	MMEm	5.1.99.1
MMMm_neg	0.9882863193664186	MMMm	5.4.99.2
MMMm_pos	1.0824905527816704	MMMm	5.4.99.2
MMSAD1m_pos	0.9956859173216829	MMSAD1m	1.2.1.27
MMSAD3m_pos	1.0235427018677241	MMSAD3m	1.2.1.27
MTAP_pos	1.008053514420096	MTAP	2.4.2.28
MTHFC_neg	0.951120579283176	MTHFC	3.5.4.9
MTHFC_pos	0.9737287685526761	MTHFC	3.5.4.9
MTHFCm_neg	0.9253066556421784	MTHFCm	3.5.4.9
MTHFCm_pos	0.951120579283176	MTHFCm	3.5.4.9
MTHFD2_neg	0.9037386860837264	MTHFD2	1.5.1.5
MTHFD2_pos	1.0048304351916364	MTHFD2	1.5.1.5
MTHFD2m_neg	0.9963859790312397	MTHFD2m	1.5.1.5
MTHFD2m_pos	0.9990171832195315	MTHFD2m	1.5.1.5
MTHFD_neg	1.0048304351916364	MTHFD	1.5.1.5
MTHFD_pos	0.9037386860837264	MTHFD	1.5.1.5
MTHFDm_neg	0.9990171832195315	MTHFDm	1.5.1.5
MTHFDm_pos	0.9963859790312397	MTHFDm	1.5.1.5
MTHFR3_pos	0.9959447251938892	MTHFR3	1.5.1.20
MTRI_pos	1.0080535144200975	MTRI	5.3.1.23
N3Tg_pos	0.9901147865031117	N3Tg	2.4.1.122
NACASPAH_pos	1.1272989221855647	NACASPAH	3.5.1.15
NACHEX10ly_pos	0.9814698756991862	NACHEX10ly	3.2.1.52
NACHEX11ly_pos	0.9814698756991825	NACHEX11ly	3.2.1.52
NACHEX12ly_pos	0.9814698756991861	NACHEX12ly	3.2.1.52
NACHEX13ly_pos	0.9814698756991862	NACHEX13ly	3.2.1.52
NACHEX14ly_pos	0.9814698756991862	NACHEX14ly	3.2.1.52
NACHEX15ly_pos	0.9814698756991861	NACHEX15ly	3.2.1.52
NACHEX16ly_pos	0.9814698756991789	NACHEX16ly	3.2.1.52
NACHEX17ly_pos	0.9814698756991828	NACHEX17ly	3.2.1.52
NACHEX18ly_pos	0.9814698756991828	NACHEX18ly	3.2.1.52
NACHEX19ly_pos	0.9814698756991859	NACHEX19ly	3.2.1.52
NACHEX1ly_pos	1.00355512641542	NACHEX1ly	3.2.1.52
NACHEX20ly_pos	0.9814698756991829	NACHEX20ly	3.2.1.52
NACHEX21ly_pos	0.9806187871480369	NACHEX21ly	3.2.1.52
NACHEX22ly_pos	0.9806187871480335	NACHEX22ly	3.2.1.52
NACHEX23ly_pos	0.9921322898794315	NACHEX23ly	3.2.1.52
NACHEX24ly_pos	0.992371326250424	NACHEX24ly	3.2.1.52
NACHEX25ly_pos	0.9893358924922016	NACHEX25ly	3.2.1.52
NACHEX26ly_pos	0.993789428745244	NACHEX26ly	3.2.1.52
NACHEX27ly_pos	0.9559208670350213	NACHEX27ly	3.2.1.52
NACHEX2ly_pos	1.0061385261785198	NACHEX2ly	3.2.1.52
NACHEX3ly_pos	1.0032010343326188	NACHEX3ly	3.2.1.52
NACHEX4ly_pos	1.0039347995602521	NACHEX4ly	3.2.1.52
NACHEX5ly_pos	1.0039347995602523	NACHEX5ly	3.2.1.52
NACHEX6ly_pos	1.0041905502316466	NACHEX6ly	3.2.1.52
NACHEX7ly_pos	1.0041905502316468	NACHEX7ly	3.2.1.52
NACHEX8ly_pos	1.004844279089605	NACHEX8ly	3.2.1.52
NACHEX9ly_pos	1.0048442790896048	NACHEX9ly	3.2.1.52
NADH2_u10m_pos	1.0171305403157487	NADH2_u10m	1.6.99.3
NADN_pos	1.0425679455928178	NADN	3.2.2.5
NADNe_pos	1.0	NADNe	3.2.2.5
NADPNe_pos	1.0	NADPNe	3.2.2.6
NAGA2ly_pos	1.0261371961708217	NAGA2ly	3.2.1.49
NAGAly_pos	1.0081969392538532	NAGAly	3.2.1.49
NBAHH_ir_pos	1.0304704345719407	NBAHH_ir	3.4.13.3
NDP10ex_pos	1.0	NDP10ex	3.6.1.6
NDP3ex_pos	1.0	NDP3ex	3.6.1.6
NDP6_pos	1.0010301804445343	NDP6	3.6.1.6
NDP7er_pos	0.9514448325190535	NDP7er	3.6.1.6
NDP7ex_pos	1.0508443340872633	NDP7ex	3.6.1.6
NDP7g_pos	1.0012444183711977	NDP7g	3.6.1.6
NDP8_pos	1.0375001385339913	NDP8	3.6.1.6
NDP8ex_pos	1.050839379267732	NDP8ex	3.6.1.6
NDPK10_neg	0.9965450192679917	NDPK10	2.7.4.6
NDPK10_pos	0.9965450192679917	NDPK10	2.7.4.6
NDPK10n_neg	0.9965450192679917	NDPK10n	2.7.4.6
NDPK10n_pos	0.9965450192679917	NDPK10n	2.7.4.6
NDPK1m_neg	0.9908239900365845	NDPK1m	2.7.4.6
NDPK1m_pos	0.9908239900365845	NDPK1m	2.7.4.6
NDPK1n_neg	0.9658760921151522	NDPK1n	2.7.4.6
NDPK1n_pos	0.9658760921151522	NDPK1n	2.7.4.6
NDPK2m_neg	1.0031805837021268	NDPK2m	2.7.4.6
NDPK2n_neg	1.0218190191519	NDPK2n	2.7.4.6
NDPK2n_pos	1.0218190191519	NDPK2n	2.7.4.6
NDPK3m_pos	0.9833195036706655	NDPK3m	2.7.4.6
NDPK3n_neg	0.9658760921151525	NDPK3n	2.7.4.6
NDPK3n_pos	0.9658760921151525	NDPK3n	2.7.4.6
NDPK4m_pos	0.9680577127148586	NDPK4m	2.7.4.6
NDPK4n_neg	0.9796254308216875	NDPK4n	2.7.4.6
NDPK4n_pos	0.9796254308216875	NDPK4n	2.7.4.6
NDPK5m_pos	0.9964546271650561	NDPK5m	2.7.4.6
NDPK5n_neg	0.9658760921151522	NDPK5n	2.7.4.6
NDPK5n_pos	0.9658760921151522	NDPK5n	2.7.4.6
NDPK6m_neg	1.0011560253688077	NDPK6m	2.7.4.6
NDPK6m_pos	0.9717016837411618	NDPK6m	2.7.4.6
NDPK6n_pos	1.178875569268381	NDPK6n	2.7.4.6
NDPK7m_pos	1.0100980422916293	NDPK7m	2.7.4.6
NDPK7n_neg	0.9658760921151522	NDPK7n	2.7.4.6
NDPK7n_pos	0.9658760921151522	NDPK7n	2.7.4.6
NDPK8m_pos	1.0167243434369626	NDPK8m	2.7.4.6
NDPK8n_neg	0.9823347783102917	NDPK8n	2.7.4.6
NDPK8n_pos	0.9823347783102917	NDPK8n	2.7.4.6
NDPK9_neg	1.0031913449484908	NDPK9	2.7.4.6
NDPK9_pos	1.0031913449484908	NDPK9	2.7.4.6
NDPK9n_neg	0.9965450192679917	NDPK9n	2.7.4.6
NDPK9n_pos	0.9965450192679917	NDPK9n	2.7.4.6
NMNATn_pos	1.020878267167002	NMNATn	2.7.7.1
NNATn_pos	0.9715342763821723	NNATn	2.7.7.18
NNATr_pos	1.0604655095812825	NNATr	2.7.7.18
NNMT_pos	1.0037861367225074	NNMT	2.1.1.1
NORANMT_pos	1.0067178565157742	NORANMT	2.1.1.28
NOS1_pos	1.016731602124387	NOS1	1.14.13.39
NOS2_pos	1.016731602124387	NOS2	1.14.13.39
NP1_pos	1.02140988210203	NP1	3.4.2.1
NRPPHRSULT_pos	1.0057068934370224	NRPPHRSULT	2.8.2.1
NS26T2g_pos	1.006505221870117	NS26T2g	2.4.99.3
NS26Tg_pos	1.0093465860247817	NS26Tg	2.4.99.3
NT5C_pos	1.0147945181900375	NT5C	3.1.3.5
NTD10_pos	1.0328298159096856	NTD10	3.1.3.5
NTD11_pos	1.0193777465813167	NTD11	3.1.3.5
NTD1_pos	1.0286770231413693	NTD1	3.1.3.5
NTD1m_pos	1.0123881539921795	NTD1m	3.1.3.5
NTD2_pos	1.0609289563517375	NTD2	3.1.3.5
NTD2e_pos	1.0505900267224615	NTD2e	3.1.3.5
NTD2m_pos	1.0031805837021268	NTD2m	3.1.3.5
NTD3_pos	1.0451694329365881	NTD3	3.1.3.5
NTD4_pos	1.0612218242610172	NTD4	3.1.3.5
NTD4e_pos	1.0074420707808232	NTD4e	3.1.3.5
NTD5_pos	1.0290699517107702	NTD5	3.1.3.5
NTD5m_pos	0.9980952486690933	NTD5m	3.1.3.5
NTD6_pos	1.0148690577064405	NTD6	3.1.3.5
NTD7_pos	1.0277827176807357	NTD7	3.1.3.5
NTD7e_pos	1.0751120655660966	NTD7e	3.1.3.5
NTD8_pos	0.9898138336128798	NTD8	3.1.3.5
NTD9_pos	1.007340578344462	NTD9	3.1.3.5
NTD9e_pos	1.001423316741016	NTD9e	3.1.3.5
NTP3e_pos	1.0	NTP3e	3.6.1.15
NaKt_pos	1.0087185551991045	NaKt	3.6.3.9
O16G1e_pos	1.000141312491816	O16G1e	3.2.1.10
O16G2e_pos	1.000137444952695	O16G2e	3.2.1.10
OBDHc_pos	0.9797586637888978	OBDHc	1.2.7.2
OCBTm_pos	1.037262051613332	OCBTm	2.1.3.3
OCOAT1m_pos	1.0100493434465012	OCOAT1m	2.8.3.5
OIVD1m_pos	0.9986422330767077	OIVD1m	1.8.1.4
OIVD2m_pos	0.9997975092965988	OIVD2m	1.8.1.4
OIVD3m_pos	1.0008085251667245	OIVD3m	1.8.1.4
OMPDC_pos	1.0669340906875315	OMPDC	4.1.1.23
OPAHir_pos	1.0367038106372182	OPAHir	3.5.2.9
ORNDC_pos	1.0294227773235638	ORNDC	4.1.1.17
ORNTArm_neg	1.0279104012980094	ORNTArm	2.6.1.13
ORNTArm_pos	1.0056131321366377	ORNTArm	2.6.1.13
ORPT_neg	1.06693409068753	ORPT	2.4.2.10
P45011A1m_pos	1.0252458763606662	P45011A1m	1.14.15.67
P45011B11m_pos	1.0212777170243776	P45011B11m	1.14.15.4
P45011B12m_pos	1.019893875337328	P45011B12m	1.14.15.4
P45011B21m_pos	1.0192341065033348	P45011B21m	1.14.15.4
P45017A1r_pos	1.0257001870521902	P45017A1r	1.14.99.9
P45017A2r_pos	1.0257001870521905	P45017A2r	1.14.99.9
P45017A3r_pos	1.0257001870521902	P45017A3r	1.14.99.9
P45017A4r_pos	1.0257001870521902	P45017A4r	1.14.99.9
P45019A1r_pos	1.0205763469345972	P45019A1r	1.14.14.1
P45019A2r_pos	1.0209034587896708	P45019A2r	1.14.14.1
P4501B1r_pos	1.022112569292943	P4501B1r	1.14.14.1
P45021A1r_pos	1.0212777170243776	P45021A1r	1.14.99.10
P45021A2r_pos	1.019893875337328	P45021A2r	1.14.99.10
P45027A11m_pos	1.0256411184241758	P45027A11m	1.14.13.15
P45027A12m_pos	1.0057549533534011	P45027A12m	1.14.13.15
P45027A13m_pos	1.0057549533534011	P45027A13m	1.14.13.15
P45027A14m_pos	1.0271665605597153	P45027A14m	1.14.13.15
P45027A15m_pos	1.0057625026731765	P45027A15m	1.14.13.15
P45027A16m_pos	1.0054692564494188	P45027A16m	1.14.13.15
P4502A6_pos	0.9996666143706405	P4502A6	1.14.14.1
P4502C18_pos	1.0090744609505078	P4502C18	1.14.14.1
P4502C92_pos	0.9998910416023102	P4502C92	1.14.14.1
P4502C93_pos	0.9998910416023102	P4502C93	1.14.14.1
P4502C94_pos	0.9998910416023102	P4502C94	1.14.14.1
P4502C9_pos	0.9998910416023102	P4502C9	1.14.14.1
P4507A1r_pos	1.014562171680435	P4507A1r	1.14.13.17
P5CDm_pos	1.0	P5CDm	1.5.1.12
P5CR_pos	1.151116981409092	P5CR	1.5.1.2
P5CRm_pos	1.1500001820587564	P5CRm	1.5.1.2
P5CRxm_pos	1.1674038801289728	P5CRxm	1.5.1.2
PACCOAL_pos	0.999529984382766	PACCOAL	6.2.1.30
PAFH_pos	1.034348339466246	PAFH	3.1.1.47
PAFHe_pos	1.0499531986632642	PAFHe	3.1.1.47
PCFLOPm_pos	1.0470892711841258	PCFLOPm	3.6.3.1
PCHOLP_hs_pos	1.0	PCHOLP_hs	3.1.4.4
PCHOLPg_hs_pos	1.0	PCHOLPg_hs	3.1.4.4
PCHOLPm_hs_pos	0.9833195036706655	PCHOLPm_hs	3.1.4.4
PCHOLPr_hs_pos	1.0	PCHOLPr_hs	3.1.4.4
PCLAD_pos	1.000068556757092	PCLAD	4.1.1.45
PCm_pos	0.9991140707163512	PCm	6.4.1.1
PDE1_pos	1.0330820522535866	PDE1	3.1.4.17
PDE4_pos	0.9864846123429358	PDE4	3.1.4.17
PDE4n_pos	1.0673513546114688	PDE4n	3.1.4.17
PDHm_pos	1.0546382441018773	PDHm	2.3.1.12
PDX5PO_pos	1.0093746754341628	PDX5PO	1.4.3.5
PEAMNO_pos	0.999529984382766	PEAMNO	1.4.3.6
PEFLIP_pos	1.0217156371886074	PEFLIP	3.6.3.1
PEFLIPm_pos	1.0217326446395518	PEFLIPm	3.6.3.1
PEPCK_pos	0.9480930512959801	PEPCK	4.1.1.32
PEPCKm_pos	0.9501649505642049	PEPCKm	4.1.1.32
PETHCT_pos	1.005833852491629	PETHCT	2.7.7.14
PETOHMm_hs_pos	1.0470892711841264	PETOHMm_hs	2.1.1.17
PETOHMr_hs_pos	1.0160702696281827	PETOHMr_hs	2.1.1.17
PFK26_pos	1.0150875782126947	PFK26	2.7.1.105
PGCD_pos	0.9982060391404318	PGCD	1.1.1.95
PGDI_neg	1.0	PGDI	5.3.99.2
PGDI_pos	1.0054233063840345	PGDI	5.3.99.2
PGISr_neg	1.0	PGISr	5.3.99.4
PGISr_pos	1.003358370115783	PGISr	5.3.99.4
PGI_neg	0.9838954083548809	PGI	5.3.1.9
PGI_pos	1.0217024870126505	PGI	5.3.1.9
PGLYCt_neg	1.0105425851120462	PGLYCt	3.1.3.18
PGLYCt_pos	1.0071609210433723	PGLYCt	3.1.3.18
PGL_pos	0.9751312370805396	PGL	3.1.1.31
PGLc_pos	0.9464956123799488	PGLc	3.1.1.31
PGLer_pos	0.9817483933556455	PGLer	3.1.1.31
PGMT_neg	0.9499048850015704	PGMT	5.4.2.2
PGMT_pos	1.0116530852317274	PGMT	5.4.2.2
PGM_neg	1.0304494394316988	PGM	5.4.2.1
PGM_pos	0.9827838736754075	PGM	5.4.2.1
PGPPT_pos	1.0105425851120462	PGPPT	2.7.8.11
PGPP_hs_pos	1.0105425851120462	PGPP_hs	3.1.3.27
PGS_pos	1.0031257963300593	PGS	1.14.99.1
PGSr_pos	1.0045866063990758	PGSr	1.14.99.1
PHACCOAGLNAC_pos	0.999529984382766	PHACCOAGLNAC	2.3.1.14
PHCDm_pos	1.0016629150714456	PHCDm	1.5.1.12
PHETHPTOX2_pos	1.0	PHETHPTOX2	1.14.16.1
PHYCBOXL_pos	0.999529984382766	PHYCBOXL	4.1.1.28
PHYHx_pos	0.9955048039327532	PHYHx	1.14.11.18
PI345P3P_pos	1.048424104936562	PI345P3P	3.1.3.67
PI345P3Pn_pos	1.0599883068235887	PI345P3Pn	3.1.3.67
PI3P4K_pos	1.0257412568279751	PI3P4K	2.7.1.68
PI3P5K_pos	1.0239228242939524	PI3P5K	2.7.1.68
PI45P3K_pos	1.048424104936562	PI45P3K	2.7.1.153
PI45P3Kn_pos	1.0599883068235858	PI45P3Kn	2.7.1.153
PI45P5P_pos	1.0114960544233254	PI45P5P	3.1.3.36
PI45PLC_pos	1.052804168094752	PI45PLC	3.1.4.11
PI4P3K_pos	1.0386932696948201	PI4P3K	2.7.1.68
PI4P5K_pos	1.0173330971469383	PI4P5K	2.7.1.68
PI4P5Kn_pos	1.0490827185648024	PI4P5Kn	2.7.1.68
PI5P4K_pos	1.0153555163665295	PI5P4K	2.7.1.149
PI5P4Kn_pos	1.0346957832261146	PI5P4Kn	2.7.1.149
PIACGT_pos	0.9992600562407482	PIACGT	2.4.1.198
PIK3_pos	1.0113896818967683	PIK3	2.7.1.137
PIK3er_pos	0.9998240306283769	PIK3er	2.7.1.137
PIK3n_pos	1.0291999813576587	PIK3n	2.7.1.137
PIK4_pos	1.0153555163665295	PIK4	2.7.1.67
PIK4n_pos	1.0165312466863345	PIK4n	2.7.1.67
PIPLC_pos	0.9888831655723924	PIPLC	3.1.4.3
PIPLCn_pos	1.1140452793725504	PIPLCn	3.1.4.3
PLA2_2_pos	0.9936384460971905	PLA2_2	3.1.1.4
PLA2_2e_pos	1.0003655380068208	PLA2_2e	3.1.1.4
PMANM_neg	0.9411868371016363	PMANM	5.4.2.8
PMEVKx_pos	1.0129563382531084	PMEVKx	2.7.4.2
PNP_neg	1.0428246674535213	PNP	3.4.2.1
PPAP_pos	0.9899607556186933	PPAP	3.1.3.4
PPA_pos	0.9871596695771118	PPA	3.6.1.1
PPAer_pos	1.0602569228305265	PPAer	3.6.1.1
PPAm_pos	1.0256789906069292	PPAm	3.6.1.1
PPAn_pos	1.0837808385652294	PPAn	3.6.1.1
PPBNGS_pos	0.9954490744809201	PPBNGS	4.2.1.24
PPCDC_pos	1.0135254129647893	PPCDC	4.1.1.36
PPCOACm_pos	1.0206760427138406	PPCOACm	6.4.1.3
PPCOAOm_pos	0.9772129928069627	PPCOAOm	1.3.99.3
PPDOx_pos	0.9983900221987894	PPDOx	1.1.1.21
PPDOy_pos	1.2513834044360872	PPDOy	1.1.1.21
PPM_neg	0.9954198401892702	PPM	5.4.2.7
PPM_pos	1.044775406348742	PPM	5.4.2.7
PPPGOm_pos	0.9954490744809238	PPPGOm	1.3.3.4
PRDX_pos	1.0129646474666705	PRDX	1.11.1.7
PRDXl_pos	1.0129514558697337	PRDXl	1.11.1.7
PRGNLONESULT_pos	0.993064353554909	PRGNLONESULT	2.8.2.2
PRO1x_pos	1.151116981409092	PRO1x	1.5.1.2
PROD2_pos	1.1132342494989842	PROD2	1.5.99.8
PROD2m_pos	1.0269292128259693	PROD2m	1.5.99.8
PRPNCOAHYDm_pos	0.9772129928069653	PRPNCOAHYDm	4.2.1.17
PSDm_hs_pos	1.0364541711394262	PSDm_hs	4.1.1.65
PSERT_pos	0.9982060391404318	PSERT	2.6.1.52
PSP_L_pos	0.9982060391404318	PSP_L	3.1.3.3
PSSA1_hs_neg	1.0	PSSA1_hs	2.7.8.8
PSSA1_hs_pos	0.9720147723577717	PSSA1_hs	2.7.8.8
PSSA2_hs_neg	1.0135400336113818	PSSA2_hs	2.7.8.8
PSSA2_hs_pos	1.0058338524916328	PSSA2_hs	2.7.8.8
PSt3_neg	1.0218475004956646	PSt3	2.7.8.8
PSt3_pos	1.003531587726096	PSt3	2.7.8.8
PTDCACRNCPT1_pos	1.0063208285649774	PTDCACRNCPT1	2.3.1.21
PTRCOX1_pos	1.0249758167605214	PTRCOX1	1.4.3.6
PUNP1_neg	1.1584444218120182	PUNP1	3.4.2.1
PUNP1_pos	1.028807173758128	PUNP1	3.4.2.1
PUNP2_neg	1.0707613895734756	PUNP2	3.4.2.1
PUNP2_pos	1.1613888928655567	PUNP2	3.4.2.1
PUNP3_neg	1.0350497131731828	PUNP3	3.4.2.1
PUNP3_pos	1.0	PUNP3	3.4.2.1
PUNP4_neg	1.0200704812883004	PUNP4	3.4.2.1
PUNP4_pos	1.0029789083973828	PUNP4	3.4.2.1
PUNP5_neg	1.0183323293268767	PUNP5	3.4.2.1
PUNP5_pos	1.009404424640228	PUNP5	3.4.2.1
PUNP6_pos	1.1664102874871471	PUNP6	3.4.2.1
PUNP7_neg	1.0	PUNP7	3.4.2.1
PUNP7_pos	1.031079588089225	PUNP7	3.4.2.1
PYAM5POr_pos	1.0093746754341628	PYAM5POr	1.4.3.5
PYDXDH_pos	0.9995330236842259	PYDXDH	1.2.3.1
PYNP2r_neg	0.9942769364655052	PYNP2r	2.4.2.2
PYNP2r_pos	1.0815648332719097	PYNP2r	2.4.2.2
RAI1_neg	0.9941158662894417	RAI1	5.2.1.3
RAI1_pos	0.9941158662894417	RAI1	5.2.1.3
RAI2_neg	0.9941158662894417	RAI2	5.2.1.3
RAI2_pos	0.9941158662894417	RAI2	5.2.1.3
RDH1_neg	0.9868774168346184	RDH1	1.1.1.105
RDH1_pos	1.0	RDH1	1.1.1.105
RDH1a_pos	0.9868774168346184	RDH1a	1.1.1.105
RDH2_neg	0.9841457232600218	RDH2	1.1.1.105
RDH2_pos	1.0	RDH2	1.1.1.105
RDH2a_pos	0.9841457232600218	RDH2a	1.1.1.105
RDH3_neg	0.9841457232600218	RDH3	1.1.1.105
RDH3_pos	1.0	RDH3	1.1.1.105
RDH3a_pos	0.9841457232600218	RDH3a	1.1.1.105
RDH4_pos	1.0016920440089738	RDH4	1.1.1.105
RE0344C_neg	1.0014552149665639	RE0344C	3.1.2.2
RE0344C_pos	1.054884824508522	RE0344C	3.1.2.2
RE0383C_neg	0.8778647738289925	RE0383C	1.1.1.2
RE0383C_pos	0.9993013723013896	RE0383C	1.1.1.2
RE0452M_neg	0.9244814809558455	RE0452M	2.7.4.9
RE0452M_pos	1.010103154830929	RE0452M	2.7.4.9
RE0453C_neg	0.9987231448661156	RE0453C	2.7.4.6
RE0453C_pos	0.9987231448661156	RE0453C	2.7.4.6
RE0453M_neg	1.014920027343727	RE0453M	2.7.4.6
RE0453M_pos	1.0114915953736805	RE0453M	2.7.4.6
RE0453N_neg	0.9796254308216875	RE0453N	2.7.4.6
RE0453N_pos	0.9796254308216875	RE0453N	2.7.4.6
RE0456M_neg	1.0031805837021268	RE0456M	1.17.4.1
RE0512M_pos	1.003244735227006	RE0512M	1.1.1.35
RE0577C_neg	0.9950657900635107	RE0577C	3.1.2.2
RE0577C_pos	1.0305527761376476	RE0577C	3.1.2.2
RE0688E_pos	1.0059095733857975	RE0688E	1.4.3.6
RE0689E_pos	1.0030837071178362	RE0689E	1.4.3.6
RE0690E_pos	1.0043545194969234	RE0690E	1.4.3.6
RE0702E_neg	1.0	RE0702E	1.8.1.4
RE0702E_pos	1.0014892795173496	RE0702E	1.8.1.4
RE0827E_pos	0.9998679724851234	RE0827E	1.4.3.6
RE0828E_pos	1.0030837071178347	RE0828E	1.4.3.6
RE0830N_neg	1.0	RE0830N	4.2.1.96
RE0830N_pos	1.0	RE0830N	4.2.1.96
RE0908C_pos	0.9879958293555033	RE0908C	3.1.6.2
RE0915E_neg	1.000059399473572	RE0915E	3.2.1.1
RE0915E_pos	1.0000297810978827	RE0915E	3.2.1.1
RE0926E_neg	1.0000934506675396	RE0926E	3.2.1.1
RE0926E_pos	1.000037353148168	RE0926E	3.2.1.1
RE0935E_neg	1.000119809565438	RE0935E	3.2.1.1
RE0935E_pos	1.0	RE0935E	3.2.1.1
RE0944E_neg	1.0001417169820528	RE0944E	3.2.1.1
RE0944E_pos	1.0	RE0944E	3.2.1.1
RE0958E_neg	1.000059399473572	RE0958E	3.2.1.1
RE0958E_pos	1.0	RE0958E	3.2.1.1
RE1100C_pos	0.993064353554909	RE1100C	3.1.6.2
RE1135C_pos	0.9930643535549111	RE1135C	3.1.6.2
RE1254C_pos	0.9995929659404249	RE1254C	1.14.17.1
RE1342C_neg	1.0285466927706175	RE1342C	1.1.1.21
RE1342C_pos	1.0452993546352336	RE1342C	1.1.1.21
RE1441R_pos	1.0239116374060029	RE1441R	2.7.1.68
RE1447M_pos	0.9804384803517283	RE1447M	3.1.3.66
RE1447N_pos	1.004648095343116	RE1447N	3.1.3.66
RE1448N_neg	0.9866147063343903	RE1448N	3.1.3.67
RE1448N_pos	1.004648095343116	RE1448N	3.1.3.67
RE1448R_pos	1.0239116374060029	RE1448R	3.1.3.67
RE1516M_pos	1.003244735227006	RE1516M	1.3.99.13
RE1517M_pos	1.003244735227006	RE1517M	1.3.99.13
RE1518M_neg	0.9984710473446012	RE1518M	1.3.99.13
RE1518M_pos	1.0017029283323629	RE1518M	1.3.99.13
RE1519M_neg	0.998471047344603	RE1519M	1.3.99.13
RE1519M_pos	1.0017029283323629	RE1519M	1.3.99.13
RE1520M_pos	1.003244735227006	RE1520M	4.2.1.17
RE1521M_neg	1.0209223820987212	RE1521M	4.2.1.17
RE1521M_pos	1.003244735227006	RE1521M	4.2.1.17
RE1522M_pos	1.0032447352270057	RE1522M	4.2.1.17
RE1523M_pos	1.003244735227006	RE1523M	4.2.1.17
RE1525M_pos	1.0032447352270057	RE1525M	1.1.1.35
RE1526M_neg	1.0209223820987212	RE1526M	1.1.1.35
RE1526M_pos	1.0032447352270057	RE1526M	1.1.1.35
RE1527M_pos	1.003244735227006	RE1527M	1.1.1.35
RE1530C_neg	1.0005322110738628	RE1530C	2.7.1.21
RE1530C_pos	1.0114943518264519	RE1530C	2.7.1.21
RE1530M_neg	1.0053719500598568	RE1530M	2.7.1.21
RE1530M_pos	1.0123815153234232	RE1530M	2.7.1.21
RE1531M_pos	1.003244735227006	RE1531M	2.3.1.16
RE1532M_pos	1.0032447352270057	RE1532M	2.3.1.16
RE1533M_neg	1.020922382098725	RE1533M	2.3.1.16
RE1533M_pos	1.0032447352270057	RE1533M	2.3.1.16
RE1534M_pos	1.003244735227006	RE1534M	2.3.1.16
RE1573M_neg	1.0209223820987263	RE1573M	5.3.3.8
RE1573M_pos	1.003244735227006	RE1573M	5.3.3.8
RE1691M_pos	1.002448066757457	RE1691M	2.8.1.1
RE1709N_neg	1.0	RE1709N	4.2.1.96
RE1709N_pos	1.0	RE1709N	4.2.1.96
RE1796M_pos	1.0265869950455802	RE1796M	5.3.3.1
RE1796R_neg	1.0	RE1796R	5.3.3.1
RE1796R_pos	1.0202628183000575	RE1796R	5.3.3.1
RE1810M_neg	1.0249868433432123	RE1810M	1.1.1.50
RE1810M_pos	0.9544467932806875	RE1810M	1.1.1.50
RE1834C_pos	1.0318316855996963	RE1834C	3.1.2.2
RE1835C_pos	1.0305213564074531	RE1835C	3.1.2.2
RE1836X_pos	1.0052402413864099	RE1836X	2.3.1.154
RE1845C_neg	1.0216038657554107	RE1845C	2.3.1.65
RE1845C_pos	1.01998326991628	RE1845C	2.3.1.65
RE1845X_neg	1.01998326991628	RE1845X	2.3.1.65
RE1845X_pos	1.0216038657554107	RE1845X	2.3.1.65
RE1860E_pos	1.0	RE1860E	3.1.4.37
RE1897C_neg	0.9954564835299111	RE1897C	2.5.1.46
RE1897C_pos	1.0125438650544103	RE1897C	2.5.1.46
RE1898C_neg	0.9954564835299111	RE1898C	2.5.1.46
RE1898C_pos	1.0125438650544119	RE1898C	2.5.1.46
RE1957R_pos	1.0239116374060029	RE1957R	2.7.1.68
RE2147C_pos	1.0035956845501737	RE2147C	2.4.1.17
RE2269E_pos	0.9988188341498987	RE2269E	3.4.21.39
RE2304E_pos	1.0000100956832585	RE2304E	3.4.21.59
RE2349C_pos	1.0002562275118319	RE2349C	2.6.1.7
RE2404C_pos	0.9079691064132637	RE2404C	2.4.1.17
RE2405C_pos	0.9079691064132672	RE2405C	2.4.1.17
RE2514E_neg	1.0	RE2514E	1.11.1.7
RE2541C_pos	0.9079691064132643	RE2541C	3.2.1.31
RE2541E_pos	1.0	RE2541E	3.2.1.31
RE2649C_neg	0.9984139709039829	RE2649C	3.1.2.2
RE2649C_pos	1.0196660391874217	RE2649C	3.1.2.2
RE2649M_pos	0.9720833124589279	RE2649M	3.1.2.2
RE2660N_neg	1.0	RE2660N	4.2.1.96
RE2660N_pos	1.0	RE2660N	4.2.1.96
RE2677C_pos	1.0249955977070382	RE2677C	2.4.1.47
RE2677G_pos	1.0230017995829983	RE2677G	2.4.1.47
RE2759X_neg	1.134760786451536	RE2759X	5.1.99.4
RE2759X_pos	1.134760786451536	RE2759X	5.1.99.4
RE2799C_neg	1.0032014451387434	RE2799C	1.1.1.188
RE2799C_pos	1.001479002257625	RE2799C	1.1.1.188
RE2888E_pos	1.0351936883740338	RE2888E	1.11.1.7
RE2954C_neg	0.9893671307446882	RE2954C	2.7.1.40
RE2954C_pos	1.0346353974516576	RE2954C	2.7.1.40
RE2972M_pos	0.9804384803517283	RE2972M	2.7.1.67
RE2973C_neg	1.0633371232616642	RE2973C	2.7.1.137
RE2973C_pos	1.0071720656794403	RE2973C	2.7.1.137
RE2973N_neg	1.0324288658959284	RE2973N	2.7.1.137
RE2973N_pos	0.9866147063343903	RE2973N	2.7.1.137
RE2973R_neg	0.9998240306283769	RE2973R	2.7.1.137
RE2974C_neg	1.0071720656794403	RE2974C	2.7.1.68
RE2974C_pos	1.0633371232616642	RE2974C	2.7.1.68
RE2974N_neg	0.9866147063343903	RE2974N	2.7.1.68
RE2974N_pos	1.0324288658959284	RE2974N	2.7.1.68
RE2974R_pos	0.9998240306283769	RE2974R	2.7.1.68
RE2985X_pos	0.9908624738422875	RE2985X	1.3.3.6
RE2986X_pos	0.9908624738422875	RE2986X	4.2.1.17
RE2987X_pos	0.9908624738422875	RE2987X	1.1.1.35
RE2988X_pos	0.9908624738422875	RE2988X	2.3.1.16
RE2996X_pos	0.9908624738422875	RE2996X	1.3.1.34
RE2998M_pos	0.998471047344603	RE2998M	1.3.3.6
RE2999M_pos	1.0209223820987263	RE2999M	5.3.3.8
RE3001M_pos	1.0209223820987263	RE3001M	1.3.1.34
RE3002X_neg	0.9908624738422875	RE3002X	5.3.3.8
RE3003M_neg	1.020922382098723	RE3003M	5.3.3.8
RE3004M_pos	1.0209223820987248	RE3004M	4.2.1.17
RE3005M_pos	1.0209223820987232	RE3005M	1.1.1.35
RE3006M_pos	1.0209223820987232	RE3006M	2.3.1.16
RE3011R_neg	1.016619011952377	RE3011R	1.1.1.1
RE3012R_neg	1.0166079108713841	RE3012R	1.2.1.3
RE3014R_pos	1.0166190119523755	RE3014R	1.14.13.30
RE3015R_pos	1.0166079108713855	RE3015R	1.14.13.30
RE3074X_neg	1.134760786451536	RE3074X	6.2.1.3
RE3074X_pos	1.134760786451536	RE3074X	6.2.1.3
RE3218C_neg	0.9880148792063203	RE3218C	3.1.6.2
RE3218C_pos	1.0256663117025226	RE3218C	3.1.6.2
RE3268R_pos	1.0239116374060029	RE3268R	3.1.3.67
RE3269C_pos	1.0270510184302033	RE3269C	3.1.3.66
RE3273C_neg	0.9888831655723924	RE3273C	3.1.4.4
RE3273C_pos	1.0004964067292934	RE3273C	3.1.4.4
RE3301C_neg	1.0	RE3301C	3.1.4.4
RE3301C_pos	0.998562648933632	RE3301C	3.1.4.4
RE3346C_neg	1.0048304351916364	RE3346C	1.2.1.3
RE3346C_pos	0.9991029028094145	RE3346C	1.2.1.3
RE3346M_pos	0.8539533523295579	RE3346M	1.2.1.3
RE3347C_neg	1.1132342494989842	RE3347C	1.5.1.29
RE3347C_pos	0.9995739893815183	RE3347C	1.5.1.29
RE3367E_pos	1.0043545194969234	RE3367E	1.4.3.6
RE3381C_pos	0.907969106413264	RE3381C	3.2.1.31
RE3381E_pos	1.0	RE3381E	3.2.1.31
RE3520E_neg	1.0	RE3520E	1.11.1.9
RE3520E_pos	1.0	RE3520E	1.11.1.9
RE3565C_neg	1.0	RE3565C	5.3.3.9
RE3565C_pos	1.0	RE3565C	5.3.3.9
RE3567C_neg	1.0	RE3567C	5.3.3.9
RE3567C_pos	1.0	RE3567C	5.3.3.9
RE3624M_pos	1.020922382098723	RE3624M	1.3.3.6
RE3626M_pos	0.9984710473446012	RE3626M	1.3.3.6
RE3627M_pos	1.0032447352270057	RE3627M	1.1.1.35
RE3628M_neg	1.0032447352270057	RE3628M	5.3.3.8
RETFA_pos	1.0303967872392017	RETFA	2.3.1.76
RETI1_neg	0.9941158662894417	RETI1	5.2.1.7
RETI1_pos	0.9941158662894417	RETI1	5.2.1.7
RETI2_neg	0.9941158662894417	RETI2	5.2.1.7
RETI2_pos	0.9941158662894417	RETI2	5.2.1.7
RETI3_pos	1.0016920440089738	RETI3	5.2.1.7
RNDR1_pos	1.0791179815100242	RNDR1	1.7.14.1
RNDR2_pos	1.0849870023173973	RNDR2	1.7.14.1
RNDR3_pos	1.0849870023173973	RNDR3	1.7.14.1
RNDR4_pos	1.0849870023173973	RNDR4	1.7.14.1
RNMK_pos	1.0428246674535167	RNMK	2.7.1.22
RPE_neg	1.0	RPE	5.1.3.1
RPE_pos	1.0	RPE	5.1.3.1
RPEc_neg	1.0168507927759054	RPEc	5.1.3.1
RPEc_pos	0.9548003098237037	RPEc	5.1.3.1
RPI_neg	1.0	RPI	5.3.1.6
RPI_pos	1.0	RPI	5.3.1.6
S23T2g_pos	0.9889933860510653	S23T2g	2.4.99.4
S23T3g_pos	0.9488209665104896	S23T3g	2.4.99.6
S23T4g_pos	0.9941023182490307	S23T4g	2.4.99.4
S23Tg_pos	1.006505221870117	S23Tg	2.4.99.4
S26Tg_pos	0.9843282481457646	S26Tg	2.4.99.1
S2TASE1ly_pos	1.0089587107803852	S2TASE1ly	3.1.6.13
S2TASE2ly_pos	1.0089587107803852	S2TASE2ly	3.1.6.13
S2TASE3ly_pos	1.0026823154901876	S2TASE3ly	3.1.6.13
S2TASE4ly_pos	1.0042105239526435	S2TASE4ly	3.1.6.18
S2TASE5ly_pos	1.0042105239526435	S2TASE5ly	3.1.6.18
S3TASE1ly_pos	1.0089587107803852	S3TASE1ly	3.1.6.15
S3TASE2ly_pos	1.0089587107803852	S3TASE2ly	3.1.6.15
S3TASE3ly_pos	1.0089587107803852	S3TASE3ly	3.1.6.15
S4TASE1ly_pos	1.00355512641542	S4TASE1ly	3.1.6.12
S4TASE2ly_pos	1.0061385261785198	S4TASE2ly	3.1.6.12
S4TASE3ly_pos	1.0032010343326188	S4TASE3ly	3.1.6.12
S4TASE4ly_pos	1.004844279089605	S4TASE4ly	3.1.6.12
S4TASE5ly_pos	1.0048442790896048	S4TASE5ly	3.1.6.12
S6TASE10ly_pos	0.9806187871480405	S6TASE10ly	3.1.6.4
S6TASE11ly_pos	0.9814698756991794	S6TASE11ly	3.1.6.14
S6TASE12ly_pos	0.9814698756991792	S6TASE12ly	3.1.6.14
S6TASE13ly_pos	0.9814698756991895	S6TASE13ly	3.1.6.14
S6TASE14ly_pos	0.9814698756991896	S6TASE14ly	3.1.6.14
S6TASE15ly_pos	0.9814698756991861	S6TASE15ly	3.1.6.14
S6TASE16ly_pos	0.9814698756991826	S6TASE16ly	3.1.6.14
S6TASE17ly_pos	0.9814698756991826	S6TASE17ly	3.1.6.14
S6TASE18ly_pos	0.9814698756991864	S6TASE18ly	3.1.6.14
S6TASE19ly_pos	0.9814698756991791	S6TASE19ly	3.1.6.14
S6TASE1ly_pos	1.0089587107803852	S6TASE1ly	3.1.6.14
S6TASE20ly_pos	0.9814698756991899	S6TASE20ly	3.1.6.14
S6TASE21ly_pos	0.9814698756991824	S6TASE21ly	3.1.6.14
S6TASE22ly_pos	0.9891647792071447	S6TASE22ly	3.1.6.4
S6TASE23ly_pos	0.9921322898794339	S6TASE23ly	3.1.6.14
S6TASE24ly_pos	0.992371326250424	S6TASE24ly	3.1.6.14
S6TASE25ly_pos	0.9937940323231916	S6TASE25ly	3.1.6.4
S6TASE26ly_pos	0.993789428745244	S6TASE26ly	3.1.6.14
S6TASE2ly_pos	1.0089587107803852	S6TASE2ly	3.1.6.14
S6TASE3ly_pos	1.0089587107803852	S6TASE3ly	3.1.6.14
S6TASE4ly_pos	1.0039347995602521	S6TASE4ly	3.1.6.4
S6TASE5ly_pos	1.0039347995602523	S6TASE5ly	3.1.6.4
S6TASE6ly_pos	1.0041905502316466	S6TASE6ly	3.1.6.4
S6TASE7ly_pos	1.0041905502316468	S6TASE7ly	3.1.6.4
S6TASE8ly_pos	1.004844279089605	S6TASE8ly	3.1.6.4
S6TASE9ly_pos	1.0048442790896048	S6TASE9ly	3.1.6.4
SACCD3m_pos	0.9995853826619967	SACCD3m	1.5.1.8
SACCD4m_pos	0.9990068572752584	SACCD4m	1.5.1.10
SADT_pos	0.9962316702589796	SADT	2.7.7.4
SALMCOM2_pos	1.0048442776348012	SALMCOM2	2.1.1.6
SAMHISTA_pos	1.0016213055563896	SAMHISTA	2.1.1.8
SARDHm_pos	0.9914518080975537	SARDHm	1.5.99.2
SBTD_D2_pos	1.0293581729338466	SBTD_D2	1.1.1.14
SBTR_pos	1.0452993546352336	SBTR	1.1.1.21
SERPT_pos	1.022980950549212	SERPT	2.3.1.50
SFGTH_pos	0.9910176292232609	SFGTH	3.1.2.12
SGPL12r_pos	1.024851973280047	SGPL12r	4.1.2.27
SIAASE2ly_pos	0.9806187871480373	SIAASE2ly	3.2.1.18
SIAASE3ly_pos	0.9891647792071446	SIAASE3ly	3.2.1.18
SIAASE4ly_pos	0.9937940323231916	SIAASE4ly	3.2.1.18
SIAASEly_pos	0.9849982658774393	SIAASEly	3.2.1.18
SIAT4Bg_pos	1.0111623859670409	SIAT4Bg	2.4.99.4
SIAT9g_pos	1.0023483581619048	SIAT9g	2.4.99.9
SLDx_neg	1.0157148678572094	SLDx	1.1.1.272
SPMDOX_pos	0.9954564835299111	SPMDOX	1.5.99.6
SPMS_pos	1.0027889905436622	SPMS	2.5.1.16
SPODM_pos	1.0078351430317412	SPODM	1.15.1.1
SPODMe_pos	1.0078763835247755	SPODMe	1.15.1.1
SPODMm_pos	1.0080459722063944	SPODMm	1.15.1.1
SPODMn_pos	1.0081045948676146	SPODMn	1.15.1.1
SPODMx_pos	1.007844846553573	SPODMx	1.15.1.1
SPRMS_pos	1.0071121177567746	SPRMS	2.5.1.22
SPTix_pos	1.0283717790572142	SPTix	2.6.1.44
SQLEr_pos	1.0340959275977488	SQLEr	1.14.99.7
SQLSr_pos	0.9685671358629149	SQLSr	2.5.1.21
SR5AR2r_pos	1.0266345393447647	SR5AR2r	1.3.99.5
SR5ARr_pos	1.0257410193081202	SR5ARr	1.3.99.5
ST3GAL23g_pos	1.0143193774478474	ST3GAL23g	2.4.99.4
ST3GAL31g_pos	1.0074621793484326	ST3GAL31g	2.4.99.6
ST6GALNAC21_pos	1.01116238596704	ST6GALNAC21	2.4.99.7
ST6GALNAC22_pos	1.01116238596704	ST6GALNAC22	2.4.99.7
ST6GALNAC23_pos	1.0110993865771494	ST6GALNAC23	2.4.99.7
ST6GALNAC24_pos	1.0110993865771494	ST6GALNAC24	2.4.99.7
ST6GALNAC25_pos	1.0127979678988137	ST6GALNAC25	2.4.99.7
ST6GALNAC26_pos	1.0127979678988137	ST6GALNAC26	2.4.99.7
ST6GALNAC27_pos	1.017380469491644	ST6GALNAC27	2.4.99.7
ST6GALNAC28_pos	1.017380469491644	ST6GALNAC28	2.4.99.7
ST8SIA11_pos	1.01116238596704	ST8SIA11	2.4.99.8
ST8SIA12_pos	1.0023483581619048	ST8SIA12	2.4.99.8
ST8SIA51g_pos	1.006797447844088	ST8SIA51g	2.4.99.8
ST8SIA52g_pos	1.0143193774478474	ST8SIA52g	2.4.99.8
ST8SIA53g_pos	1.0109729052529441	ST8SIA53g	2.4.99.8
ST8SIA54g_pos	1.009122360497848	ST8SIA54g	2.4.99.8
ST8SIA55g_pos	1.017380469491644	ST8SIA55g	2.4.99.8
ST8SIA56g_pos	1.0120230056456656	ST8SIA56g	2.4.99.8
STRDNCCPT1_pos	1.001911073296523	STRDNCCPT1	2.3.1.21
STS1_pos	0.9878737549393661	STS1	3.1.6.2
STS2_pos	0.9879632895509891	STS2	3.1.6.2
SUCD1m_neg	0.9362327959175956	SUCD1m	1.3.99.1
SUCD1m_pos	1.0588395014215959	SUCD1m	1.3.99.1
SUCOAS1m_neg	0.7961375254876276	SUCOAS1m	6.2.1.4
SUCOAS1m_pos	0.7961375254876276	SUCOAS1m	6.2.1.4
SUCOASm_neg	0.7961375254876276	SUCOASm	6.2.1.5
SUCOASm_pos	0.7961375254876276	SUCOASm	6.2.1.5
SUCRe_pos	1.0	SUCRe	3.2.1.26
TALA_neg	1.042532689159963	TALA	2.2.1.2
TALA_pos	1.1736424245936021	TALA	2.2.1.2
TDP_pos	1.0241564314224174	TDP	3.6.1.15
TDPm_pos	1.0374223216234417	TDPm	3.6.1.15
THBPT4ACAMDASE_pos	1.0	THBPT4ACAMDASE	4.2.1.96
THD1m_pos	0.9871380366187023	THD1m	1.6.1.2
THMTP_pos	1.0114310580668662	THMTP	3.6.1.28
THRD_L_pos	0.9999588693188265	THRD_L	4.3.1.19
THYPX_pos	1.0000166279125862	THYPX	1.11.1.7
TKT1_neg	1.0720600256907113	TKT1	2.2.1.1
TKT1_pos	0.9408787022514182	TKT1	2.2.1.1
TKT2_neg	1.0720600256907054	TKT2	2.2.1.1
TKT2_pos	0.9408787022514128	TKT2	2.2.1.1
TMDK1m_pos	0.9777080524464057	TMDK1m	2.7.1.21
TMDPPK_pos	1.0114310580668662	TMDPPK	2.7.6.2
TMDPP_neg	1.005949666169593	TMDPP	2.4.2.4
TMDPP_pos	1.0682192864464277	TMDPP	2.4.2.4
TMDS_pos	1.0682729831752809	TMDS	2.1.1.45
TMNDNCCPT1_pos	0.9992876364382824	TMNDNCCPT1	2.3.1.21
TPI_neg	0.9707416914598912	TPI	5.3.1.1
TPI_pos	0.9830944802564556	TPI	5.3.1.1
TRDR2_pos	1.0439736451410455	TRDR2	1.8.1.9
TRDR3_pos	1.012540554716375	TRDR3	1.8.1.9
TRDR_pos	0.9769026680191464	TRDR	1.8.1.9
TRDRm_pos	1.0029306593553766	TRDRm	1.8.1.9
TREHe_pos	1.0	TREHe	3.2.1.28
TRIODTHYSULT_pos	0.9991197764015566	TRIODTHYSULT	2.8.2.1
TRIOK_pos	0.9980716889995432	TRIOK	2.7.1.28
TRPHYDRO2_pos	1.0	TRPHYDRO2	1.14.16.4
TRPO2_pos	0.9989542727583163	TRPO2	1.13.11.11
TSTSTERONESULT_pos	1.0260921401412608	TSTSTERONESULT	2.8.2.2
TSTSTERONEt_neg	1.026113131295134	TSTSTERONEt	2.8.2.2
TSTSTERONEt_pos	1.0002399223405574	TSTSTERONEt	2.8.2.2
TTDCPT1_pos	1.0323740747795682	TTDCPT1	2.3.1.21
TXASr_pos	1.004775122208434	TXASr	5.3.99.5
TYMSULT_pos	0.9984829065579375	TYMSULT	2.8.2.1
TYR3MO2_pos	0.9992236813501842	TYR3MO2	1.14.16.2
TYRCBOX_pos	0.999621246191148	TYRCBOX	4.1.1.28
TYRDOPO3_pos	1.001482623957707	TYRDOPO3	1.14.18.1
TYRDOPO_pos	0.9984543993445859	TYRDOPO	1.14.18.1
TYROXDAc_pos	1.0005527575387947	TYROXDAc	1.4.3.6
TYRTA_neg	1.0019591278914175	TYRTA	2.6.1.5
TYRTA_pos	1.0035997868163276	TYRTA	2.6.1.5
TYRTAm_pos	1.0148902404557987	TYRTAm	2.6.1.5
UAG2EMAi_pos	0.9933459496121676	UAG2EMAi	5.1.3.14
UAG4E_neg	1.0091627238944343	UAG4E	5.1.3.7
UAG4E_pos	1.002924418929755	UAG4E	5.1.3.7
UAGDP_pos	0.9937345407328397	UAGDP	2.7.7.23
UDPDOLPT_L_pos	0.9988637299364524	UDPDOLPT_L	2.4.1.117
UDPDOLPT_U_pos	0.9988637299364524	UDPDOLPT_U	2.4.1.117
UDPG4E_neg	1.0148518867592298	UDPG4E	5.1.3.2
UDPG4E_pos	1.0072417268334526	UDPG4E	5.1.3.2
UDPGD_pos	0.8984023677928084	UDPGD	1.1.1.22
UDPGP_pos	0.9485083237582272	UDPGP	3.6.1.9
UGALGTg_pos	1.084287245819916	UGALGTg	2.4.1.22
UGCG_pos	0.951522280504837	UGCG	2.4.1.80
UGLT_neg	1.0	UGLT	2.7.7.12
UGLT_pos	1.0	UGLT	2.7.7.12
UGT1A10r_neg	1.000942058959674	UGT1A10r	2.4.1.17
UGT1A10r_pos	1.0004838160665872	UGT1A10r	2.4.1.17
UGT1A1r_pos	1.016550165408798	UGT1A1r	2.4.1.17
UGT1A2r_pos	1.005198086968289	UGT1A2r	2.4.1.17
UGT1A3r_pos	1.0234626551168782	UGT1A3r	2.4.1.17
UGT1A4r_pos	1.0218829142167374	UGT1A4r	2.4.1.17
UGT1A5r2_pos	1.0034254296049812	UGT1A5r2	2.4.1.17
UGT1A5r_pos	1.0035118829406895	UGT1A5r	2.4.1.17
UGT1A6r_pos	1.0187246911893655	UGT1A6r	2.4.1.17
UGT1A9r_pos	1.0266436296752623	UGT1A9r	2.4.1.17
UMPK2_neg	0.965098512231126	UMPK2	2.7.4.14
UMPK2_pos	0.965098512231126	UMPK2	2.7.4.14
UMPK2n_neg	0.9658760921151525	UMPK2n	2.7.4.14
UMPK2n_pos	0.9658760921151525	UMPK2n	2.7.4.14
UMPK3_neg	0.965098512231126	UMPK3	2.7.4.14
UMPK3_pos	0.965098512231126	UMPK3	2.7.4.14
UMPK3n_neg	0.9658760921151525	UMPK3n	2.7.4.14
UMPK3n_pos	0.9658760921151525	UMPK3n	2.7.4.14
UMPK4_neg	0.965098512231126	UMPK4	2.7.4.14
UMPK4_pos	0.965098512231126	UMPK4	2.7.4.14
UMPK4n_neg	0.9658760921151525	UMPK4n	2.7.4.14
UMPK4n_pos	0.9658760921151525	UMPK4n	2.7.4.14
UMPK5_neg	0.965098512231126	UMPK5	2.7.4.14
UMPK5_pos	0.965098512231126	UMPK5	2.7.4.14
UMPK5n_neg	0.9658760921151525	UMPK5n	2.7.4.14
UMPK5n_pos	0.9658760921151525	UMPK5n	2.7.4.14
UMPK6_neg	0.965098512231126	UMPK6	2.7.4.14
UMPK6_pos	0.965098512231126	UMPK6	2.7.4.14
UMPK6n_neg	0.9658760921151525	UMPK6n	2.7.4.14
UMPK6n_pos	0.9658760921151525	UMPK6n	2.7.4.14
UMPK7_neg	0.965098512231126	UMPK7	2.7.4.14
UMPK7_pos	0.9650985122311257	UMPK7	2.7.4.14
UMPK7n_neg	0.9658760921151525	UMPK7n	2.7.4.14
UMPK7n_pos	0.9658760921151525	UMPK7n	2.7.4.14
UMPKn_neg	0.9658760921151525	UMPKn	2.7.4.14
UMPKn_pos	0.9658760921151525	UMPKn	2.7.4.14
UMPtr_neg	1.0	UMPtr	2.7.4.14
UMPtr_pos	1.0	UMPtr	2.7.4.14
UPP3S_pos	0.9954490744809219	UPP3S	4.2.1.75
UPPDC1_pos	0.9954490744809219	UPPDC1	4.1.1.37
UPPN_pos	1.0797003577480582	UPPN	3.5.1.6
URIK1_pos	1.4972831487854792	URIK1	2.7.1.48
UROLACer_pos	0.9993422781378464	UROLACer	3.1.1.19
VACCCPT1_pos	1.0250584050781135	VACCCPT1	2.3.1.21
VALTA_neg	1.0035992203607953	VALTA	2.6.1.42
VALTA_pos	1.0021183726405025	VALTA	2.6.1.42
VALTAm_neg	1.0021561547159674	VALTAm	2.6.1.42
VALTAm_pos	1.003129329369223	VALTAm	2.6.1.42
VLCS2p_pos	1.0279508077387	VLCS2p	6.2.1.7
VLCS2r_pos	1.026148282034413	VLCS2r	6.2.1.7
VLCSp_pos	1.0256411184241792	VLCSp	6.2.1.7
VLCSr_pos	1.0260926162008661	VLCSr	6.2.1.7
XANDp_pos	1.0552435839940664	XANDp	1.1.1.204
XAO2x_pos	1.0459637947559466	XAO2x	1.1.1.204
XAOx_pos	1.0481936098043307	XAOx	1.1.1.204
XYLK_pos	0.8776708851174068	XYLK	2.7.1.17
XYLTD_Dr_pos	0.8776708851174068	XYLTD_Dr	1.1.1.9
XYLUR_neg	0.9989748965609484	XYLUR	1.1.1.10
XYLUR_pos	1.03804128162221	XYLUR	1.1.1.10
r0009_pos	1.0151013820143107	r0009	3.6.1.1
r0010_pos	1.0197622161603224	r0010	1.11.1.6
r0013_pos	1.005690393421927	r0013	3.2.1.52
r0016_pos	1.0292936968977757	r0016	1.16.3.1
r0021_neg	0.9991386144441005	r0021	1.8.1.7
r0021_pos	1.0099510328097059	r0021	1.8.1.7
r0022_neg	1.0145800973859422	r0022	1.8.1.7
r0022_pos	1.0018237785025903	r0022	1.8.1.7
r0027_neg	0.9907072085870401	r0027	1.8.1.9
r0027_pos	1.0010564733163894	r0027	1.8.1.9
r0028_pos	1.0725641154442376	r0028	3.6.1.5
r0033_pos	0.9294081457236605	r0033	2.7.1.24
r0034_pos	1.0370045382522242	r0034	6.3.4.16
r0047_pos	0.9972799751641107	r0047	3.1.3.5
r0051_neg	0.9999653496664588	r0051	2.4.2.7
r0051_pos	1.0145300610742933	r0051	2.4.2.7
r0055_neg	1.0889766628005462	r0055	1.2.1.49
r0055_pos	0.9682805246177931	r0055	1.2.1.49
r0060_pos	1.0922813049898683	r0060	4.3.1.17
r0062_pos	0.9931149715836641	r0062	3.1.2.1
r0068_pos	0.9815398573533117	r0068	6.2.1.1
r0074_neg	1.0	r0074	1.5.1.12
r0074_pos	1.0220948006425625	r0074	1.5.1.12
r0081_neg	1.1026611660053043	r0081	2.6.1.2
r0081_pos	1.1026611660053043	r0081	2.6.1.2
r0082_pos	0.9860645345183507	r0082	1.1.1.42
r0083_pos	0.9938679070518248	r0083	1.1.1.42
r0084_pos	1.0195065968845731	r0084	1.1.1.42
r0085_pos	1.016388542829092	r0085	3.5.1.3
r0086_pos	1.0194330511358494	r0086	3.5.1.3
r0093_pos	1.0	r0093	3.6.1.45
r0097_pos	0.9815398573533117	r0097	6.2.1.1
r0113_pos	1.0242584510694284	r0113	5.1.3.14
r0119_pos	1.0005692169159028	r0119	3.6.1.19
r0122_pos	0.9975474914882393	r0122	2.7.1.40
r0127_pos	1.0028440256087507	r0127	3.5.1.38
r0129_neg	1.0008681106146589	r0129	3.4.11.4
r0129_pos	1.0044892295086854	r0129	3.4.11.4
r0130_neg	0.98168449305892	r0130	3.4.11.4
r0130_pos	1.0008673229126013	r0130	3.4.11.4
r0139_neg	1.0049892311513036	r0139	3.6.1.5
r0139_pos	1.0	r0139	3.6.1.5
r0142_pos	1.0253681156530225	r0142	1.8.3.1
r0145_neg	1.016731602124387	r0145	1.14.13.39
r0145_pos	1.0212220804578083	r0145	1.14.13.39
r0149_neg	1.0059713813393503	r0149	3.6.1.5
r0149_pos	1.0	r0149	3.6.1.5
r0153_pos	0.9975474914882393	r0153	2.7.1.40
r0156_pos	1.016388542829092	r0156	2.6.1.15
r0157_pos	1.0194330511358494	r0157	2.6.1.15
r0160_pos	0.9981578479688215	r0160	2.6.1.51
r0163_pos	0.9818267734302537	r0163	1.2.4.2
r0165_pos	0.9975474914882393	r0165	2.7.1.40
r0166_pos	1.0060420994995258	r0166	3.6.1.19
r0170_neg	0.9685671358629149	r0170	2.5.1.21
r0170_pos	1.0340944120380915	r0170	2.5.1.21
r0173_neg	1.0004904698109198	r0173	1.1.1.27
r0173_pos	1.0005912661796308	r0173	1.1.1.27
r0178_neg	0.9973278739800191	r0178	1.2.1.24
r0178_pos	1.0091993167260025	r0178	1.2.1.24
r0179_pos	0.9973278739800191	r0179	1.2.1.16
r0181_neg	1.0049892311513036	r0181	3.6.1.5
r0181_pos	1.0	r0181	3.6.1.5
r0186_pos	1.0349271698091653	r0186	4.2.3.2
r0191_pos	1.0035284064044694	r0191	2.7.1.11
r0193_neg	0.981946907058051	r0193	4.4.1.1
r0193_pos	1.100704179529178	r0193	4.4.1.1
r0196_neg	1.0	r0196	2.3.1.37
r0196_pos	0.9917578971649111	r0196	2.3.1.37
r0202_neg	1.0005462761463975	r0202	1.1.1.8
r0202_pos	1.0005462761463975	r0202	1.1.1.8
r0208_neg	0.9611810229055885	r0208	2.7.7.13
r0208_pos	1.0280462308400244	r0208	2.7.7.13
r0210_pos	1.1008642151257821	r0210	4.2.1.22
r0224_pos	0.999511270187351	r0224	1.5.1.3
r0226_pos	0.9565571361521866	r0226	1.5.1.3
r0233_pos	1.0293365655184565	r0233	2.7.7.12
r0236_pos	1.03804128162221	r0236	1.3.1.1
r0239_pos	0.9983656506599373	r0239	3.5.1.9
r0242_neg	1.0	r0242	3.1.3.1
r0242_pos	1.0	r0242	3.1.3.1
r0245_neg	0.9823667412702689	r0245	1.1.1.72
r0245_pos	0.9945792433566316	r0245	1.1.1.72
r0246_pos	0.9918211227986149	r0246	1.1.1.72
r0249_neg	1.0	r0249	5.3.1.6
r0249_pos	1.0	r0249	5.3.1.6
r0265_pos	1.0293365655184565	r0265	2.7.1.6
r0267_neg	1.0320982510819552	r0267	1.14.18.2
r0267_pos	0.9989748965609484	r0267	1.14.18.2
r0268_neg	0.9989748965609484	r0268	1.14.18.2
r0268_pos	1.0320982510819552	r0268	1.14.18.2
r0276_neg	1.0474150382766882	r0276	1.7.1.7
r0276_pos	1.0	r0276	1.7.1.7
r0280_pos	0.9975474914882393	r0280	2.7.1.40
r0281_pos	1.0253266683094029	r0281	1.4.3.6
r0283_pos	1.0305527761376458	r0283	6.3.2.11
r0287_pos	1.0115639144343724	r0287	2.3.1.16
r0295_pos	0.9822823155389154	r0295	2.1.2.10
r0301_pos	1.0476996706542525	r0301	6.3.4.1
r0308_pos	1.0698684628979191	r0308	3.1.2.22
r0309_neg	0.9946079211071346	r0309	1.3.1.38
r0309_pos	1.0313294692954103	r0309	1.3.1.38
r0310_pos	0.9946079211071346	r0310	1.3.99.3
r0311_pos	1.0763238431125943	r0311	6.2.1.3
r0317_neg	1.0052088657218436	r0317	4.2.1.4
r0317_pos	1.0052088657218436	r0317	4.2.1.4
r0321_pos	1.0136487118987165	r0321	6.2.1.16
r0330_pos	1.0002382481134509	r0330	1.3.1.1
r0331_pos	0.9879120378134162	r0331	1.3.1.1
r0339_pos	0.9620895164994908	r0339	2.7.1.31
r0340_pos	0.9918211227986149	r0340	2.7.1.31
r0345_neg	0.9992010237038415	r0345	2.7.4.11
r0345_pos	0.9992010237038415	r0345	2.7.4.11
r0354_pos	1.04965197669581	r0354	2.7.1.1
r0355_pos	1.04965197669581	r0355	2.7.1.1
r0357_pos	1.0194018010413435	r0357	2.7.1.1
r0358_pos	1.0194018010413435	r0358	2.7.1.1
r0360_pos	0.9420396165068091	r0360	2.7.1.1
r0361_pos	0.9420396165068091	r0361	2.7.1.1
r0363_pos	1.0020896940062325	r0363	2.7.1.1
r0364_pos	1.0020896940062325	r0364	2.7.1.1
r0365_pos	0.9772129928069653	r0365	1.1.1.59
r0377_pos	1.045168264908114	r0377	2.7.1.74
r0381_neg	1.0105408735893229	r0381	1.8.1.3
r0381_pos	1.0007118924543426	r0381	1.8.1.3
r0383_pos	1.0367458494118589	r0383	1.2.4.1
r0384_pos	0.9802843576206415	r0384	1.2.4.2
r0385_pos	1.0048984217977925	r0385	1.2.4.4
r0386_pos	1.0020120792775158	r0386	1.2.4.4
r0388_neg	1.0093746754341628	r0388	1.4.3.5
r0388_pos	1.0030107143316676	r0388	1.4.3.5
r0389_neg	1.009374675434161	r0389	1.1.3.12
r0389_pos	1.0020829272175802	r0389	1.1.3.12
r0390_neg	1.0020481814319357	r0390	3.2.1.10
r0390_pos	1.0	r0390	3.2.1.10
r0391_neg	1.0002512154808954	r0391	2.4.2.11
r0391_pos	1.0214127309193801	r0391	2.4.2.11
r0392_neg	0.9981956963468077	r0392	1.2.1.3
r0392_pos	1.0252755778565974	r0392	1.2.1.3
r0393_pos	0.9918211227986149	r0393	1.2.1.3
r0394_neg	0.9985835817380851	r0394	1.17.1.4
r0394_pos	0.9897265881322956	r0394	1.17.1.4
r0395_pos	0.9985835817380851	r0395	1.17.3.2
r0398_pos	0.9983524416413407	r0398	1.5.1.34
r0399_neg	1.0	r0399	1.14.16.1
r0399_pos	1.0004751954716213	r0399	1.14.16.1
r0400_neg	0.9944107450213431	r0400	1.14.18.2
r0400_pos	0.9915531015562655	r0400	1.14.18.2
r0403_neg	1.0	r0403	1.14.16.4
r0403_pos	1.0023028967473746	r0403	1.14.16.4
r0407_neg	1.1736424245936021	r0407	4.1.2.13
r0407_pos	1.0392510128487567	r0407	4.1.2.13
r0408_neg	1.1365708306388167	r0408	2.7.1.11
r0408_pos	1.001640615175722	r0408	2.7.1.11
r0409_neg	1.110525028605751	r0409	2.7.1.11
r0409_pos	1.001640615175722	r0409	2.7.1.11
r0410_neg	1.0	r0410	3.6.1.19
r0410_pos	1.0	r0410	3.6.1.19
r0413_pos	0.9975474914882393	r0413	2.7.1.40
r0422_pos	0.9860645345183507	r0422	1.1.1.42
r0423_pos	0.9938679070518248	r0423	1.1.1.42
r0424_pos	1.0195065968845713	r0424	1.1.1.42
r0425_neg	0.9987473919236732	r0425	1.1.1.42
r0425_pos	1.1213080614305744	r0425	1.1.1.42
r0426_neg	1.0052088657218436	r0426	4.2.1.3
r0426_pos	1.0052088657218436	r0426	4.2.1.3
r0434_neg	1.0977351610168684	r0434	2.3.1.21
r0434_pos	1.0	r0434	2.3.1.21
r0437_neg	1.0917796668742519	r0437	2.3.1.21
r0437_pos	1.0	r0437	2.3.1.21
r0441_pos	1.001041584718073	r0441	2.3.1.21
r0443_pos	1.0035055363714942	r0443	2.3.1.21
r0450_pos	1.0097045647971743	r0450	2.6.1.39
r0451_pos	0.9960276609565876	r0451	1.2.4.2
r0456_pos	0.9901808691050198	r0456	2.7.1.113
r0463_neg	1.0869837716387105	r0463	2.3.3.10
r0464_neg	0.7488174342979644	r0464	1.2.1.3
r0464_pos	0.9094446797107704	r0464	1.2.1.3
r0470_pos	1.0791179815100242	r0470	1.17.4.1
r0472_neg	0.9919328510968245	r0472	1.17.4.1
r0472_pos	1.0849870023173973	r0472	1.17.4.1
r0474_neg	1.0489998616776608	r0474	1.17.4.1
r0474_pos	1.0849870023173973	r0474	1.17.4.1
r0475_neg	1.0842163192897478	r0475	1.17.4.1
r0475_pos	1.0849870023173973	r0475	1.17.4.1
r0480_neg	1.0539950622638692	r0480	2.1.1.103
r0480_pos	0.9879506398394353	r0480	2.1.1.103
r0483_neg	1.1026611660053043	r0483	2.6.1.22
r0483_pos	1.1026611660053043	r0483	2.6.1.22
r0488_neg	1.0147763445831441	r0488	1.1.1.34
r0488_pos	0.6127075149198334	r0488	1.1.1.34
r0494_neg	1.0049892311513036	r0494	3.6.1.5
r0494_pos	1.0	r0494	3.6.1.5
r0497_neg	1.0059713813393503	r0497	3.6.1.39
r0497_pos	1.0	r0497	3.6.1.39
r0502_pos	1.0550827933569689	r0502	1.17.1.4
r0504_pos	1.0481068340632318	r0504	1.17.3.2
r0509_pos	0.9362327959175956	r0509	1.3.5.1
r0512_neg	0.999688133905704	r0512	1.5.1.3
r0512_pos	1.0063844454909465	r0512	1.5.1.3
r0514_pos	1.0259355453458743	r0514	1.5.1.3
r0517_neg	1.0	r0517	2.3.1.37
r0517_pos	0.9917578971649111	r0517	2.3.1.37
r0522_pos	0.9750176493585397	r0522	2.1.2.10
r0523_pos	0.9750176493585397	r0523	6.3.3.2
r0525_neg	0.9990068572752584	r0525	1.5.1.9
r0525_pos	1.0000764124311432	r0525	1.5.1.9
r0527_neg	1.0032743805022402	r0527	3.5.1.42
r0527_pos	1.0748235765329217	r0527	3.5.1.42
r0531_neg	1.4972831487854792	r0531	2.7.1.48
r0531_pos	1.0594865738844372	r0531	2.7.1.48
r0539_pos	0.9963551926903778	r0539	1.13.11.19
r0541_neg	0.9958504119948065	r0541	1.3.99.7
r0541_pos	0.9984727274459257	r0541	1.3.99.7
r0545_pos	1.03804128162221	r0545	1.2.1.5
r0547_neg	1.03804128162221	r0547	1.2.1.5
r0547_pos	1.0002458396660678	r0547	1.2.1.5
r0549_neg	0.9094446797107704	r0549	1.2.1.3
r0549_pos	0.7488174342979644	r0549	1.2.1.3
r0552_neg	0.9976321596742758	r0552	1.2.1.8
r0552_pos	1.0145222022677873	r0552	1.2.1.8
r0553_neg	1.0145222022677873	r0553	1.2.1.8
r0553_pos	0.9976321596742758	r0553	1.2.1.8
r0555_pos	1.0367458494118589	r0555	2.3.1.12
r0556_neg	0.9802843576206428	r0556	2.3.1.61
r0557_pos	0.9960276609565876	r0557	2.3.1.61
r0558_neg	0.9953813568219705	r0558	1.2.1.29
r0558_pos	1.0006941572726114	r0558	1.2.1.29
r0559_neg	0.9953813568219705	r0559	1.2.3.1
r0559_pos	1.0006941572726114	r0559	1.2.3.1
r0560_pos	1.0035531411609047	r0560	1.3.99.2
r0561_pos	1.154940490371577	r0561	2.3.1.168
r0568_pos	1.026553622044743	r0568	2.3.2.4
r0570_neg	1.0130097967907201	r0570	5.4.2.7
r0570_pos	1.0687995180093401	r0570	5.4.2.7
r0571_neg	1.0522904626038718	r0571	3.1.2.17
r0571_pos	0.9953813568219705	r0571	3.1.2.17
r0573_pos	1.0318316855996963	r0573	6.2.1.7
r0575_neg	0.9685671358629149	r0575	2.5.1.21
r0575_pos	1.03409441203809	r0575	2.5.1.21
r0578_neg	1.0135254129647893	r0578	2.7.1.33
r0578_pos	1.006438311748143	r0578	2.7.1.33
r0579_pos	1.0239097903105892	r0579	2.7.1.33
r0580_pos	1.0239097903105892	r0580	4.1.1.30
r0584_neg	1.0751761738705596	r0584	3.6.1.9
r0584_pos	1.0604655095812825	r0584	3.6.1.9
r0587_neg	1.0	r0587	3.1.3.41
r0587_pos	1.0	r0587	3.1.3.41
r0590_pos	0.9294081457236605	r0590	2.7.7.3
r0591_neg	0.9971514624195615	r0591	3.6.1.9
r0591_pos	1.003533165814493	r0591	3.6.1.9
r0594_pos	1.0011230150050467	r0594	1.2.1.31
r0595_pos	0.9821373804323557	r0595	2.8.1.2
r0596_pos	0.9772129928069653	r0596	3.1.2.4
r0603_neg	0.8137142606793811	r0603	1.3.99.12
r0603_pos	1.0010389744390331	r0603	1.3.99.12
r0604_pos	0.9989036035060587	r0604	2.3.1.168
r0610_neg	1.0031913449484908	r0610	2.7.1.11
r0610_pos	1.0031913449484908	r0610	2.7.1.11
r0611_neg	1.0031913449484908	r0611	2.7.1.11
r0611_pos	1.0031913449484908	r0611	2.7.1.11
r0614_neg	1.0239097903105892	r0614	4.1.1.36
r0614_pos	1.009343059173449	r0614	4.1.1.36
r0615_neg	1.001265946939277	r0615	1.5.1.2
r0615_pos	1.0442180560539105	r0615	1.5.1.2
r0616_neg	1.0029055433029002	r0616	1.5.1.2
r0616_pos	1.0065030519912401	r0616	1.5.1.2
r0617_neg	1.0442180560539105	r0617	1.5.1.2
r0617_pos	1.001265946939277	r0617	1.5.1.2
r0618_pos	1.0029055433029002	r0618	1.5.1.2
r0620_pos	0.98182677343025	r0620	1.2.4.2
r0627_neg	1.0117850229043255	r0627	3.2.1.23
r0627_pos	1.0041064155554356	r0627	3.2.1.23
r0629_pos	1.029790060618514	r0629	2.3.1.65
r0630_neg	1.0216038657554098	r0630	2.3.1.65
r0630_pos	1.0275057504871765	r0630	2.3.1.65
r0633_neg	1.0079858217755184	r0633	1.3.1.38
r0633_pos	1.0115639144343782	r0633	1.3.1.38
r0634_neg	1.035517590517302	r0634	2.3.1.16
r0634_pos	0.9656696280058332	r0634	2.3.1.16
r0636_pos	0.9990612877945966	r0636	2.3.1.137
r0637_pos	0.9990612877945966	r0637	2.3.1.137
r0638_neg	1.007985821775526	r0638	1.3.1.38
r0638_pos	1.0330186476298133	r0638	1.3.1.38
r0639_pos	1.0329298347748879	r0639	2.3.1.16
r0641_neg	1.0	r0641	2.3.2.2
r0641_pos	1.0	r0641	2.3.2.2
r0642_neg	0.9953813568219705	r0642	1.2.1.3
r0642_pos	0.9908031202711073	r0642	1.2.1.3
r0643_neg	0.9953813568219705	r0643	1.2.1.3
r0643_pos	1.0522904626038716	r0643	1.2.1.3
r0644_neg	0.9953813568219705	r0644	1.2.3.1
r0644_pos	0.9908031202711073	r0644	1.2.3.1
r0645_pos	1.000068556757092	r0645	1.2.1.32
r0651_pos	1.0	r0651	6.2.1.7
r0652_neg	1.0079858217755184	r0652	1.3.1.38
r0652_pos	1.0329298347748808	r0652	1.3.1.38
r0653_pos	1.0307040045463243	r0653	2.3.1.16
r0655_neg	0.8860434905957326	r0655	1.3.99.10
r0655_pos	0.9988030314441372	r0655	1.3.99.10
r0656_pos	1.0020120792775158	r0656	2.3.1.168
r0660_neg	1.0330186476298133	r0660	4.2.1.17
r0660_pos	1.035943163190199	r0660	4.2.1.17
r0661_pos	0.9227630328256188	r0661	4.2.1.17
r0666_pos	1.0412713185535405	r0666	6.3.3.1
r0668_neg	0.9944107450213433	r0668	2.7.7.43
r0668_pos	0.9915531015562631	r0668	2.7.7.43
r0669_pos	1.0002804955513716	r0669	4.2.1.17
r0670_pos	0.9989036035060587	r0670	1.2.4.4
r0671_pos	0.9979219713556889	r0671	6.3.2.5
r0672_neg	1.0286269427330406	r0672	1.1.1.181
r0672_pos	1.0122468337217005	r0672	1.1.1.181
r0679_neg	0.9997379638224924	r0679	2.7.1.33
r0679_pos	1.0135254129647893	r0679	2.7.1.33
r0680_neg	1.0239097903105892	r0680	2.7.1.33
r0680_pos	1.009343059173449	r0680	2.7.1.33
r0683_pos	0.9807980929340356	r0683	1.3.99.3
r0686_neg	1.0016629150714456	r0686	1.5.1.12
r0686_pos	1.0064314367478506	r0686	1.5.1.12
r0688_neg	0.8939382760824482	r0688	1.2.1.3
r0688_pos	0.9009008401135885	r0688	1.2.1.3
r0698_pos	1.029401358548436	r0698	2.3.1.16
r0706_pos	1.0256411184241792	r0706	1.3.3.6
r0707_neg	1.0121051535253478	r0707	3.1.3.1
r0707_pos	1.0	r0707	3.1.3.1
r0714_pos	1.0307040045463243	r0714	1.1.1.35
r0715_pos	0.9229363080400903	r0715	1.1.1.35
r0716_pos	1.0307040045463243	r0716	4.2.1.17
r0717_pos	0.9229363080400903	r0717	4.2.1.17
r0718_pos	1.0329298347748879	r0718	1.1.1.35
r0719_pos	0.9227630328256102	r0719	1.1.1.35
r0720_pos	1.0329298347748879	r0720	4.2.1.17
r0721_pos	0.9227630328256102	r0721	4.2.1.17
r0722_neg	1.0359431631901985	r0722	1.1.1.35
r0722_pos	1.0330186476298062	r0722	1.1.1.35
r0723_pos	0.9227630328256188	r0723	1.1.1.35
r0724_neg	1.033018647629809	r0724	2.3.1.16
r0724_pos	1.0359431631901947	r0724	2.3.1.16
r0726_neg	0.9656696280058332	r0726	1.1.1.35
r0726_pos	1.0355175905172975	r0726	1.1.1.35
r0727_pos	0.9227630328256102	r0727	1.1.1.35
r0728_neg	1.0355175905173013	r0728	4.2.1.17
r0728_pos	0.9656696280058332	r0728	4.2.1.17
r0729_pos	0.9227630328256102	r0729	4.2.1.17
r0730_pos	1.0115639144343693	r0730	1.1.1.211
r0731_pos	1.0115639144343693	r0731	4.2.1.17
r0732_pos	1.0115639144343693	r0732	2.3.1.16
r0733_pos	1.0115639144343724	r0733	1.1.1.35
r0734_pos	1.0115639144343724	r0734	4.2.1.17
r0735_neg	1.0079858217755184	r0735	1.3.1.38
r0735_pos	1.0333068386750894	r0735	1.3.1.38
r0739_neg	1.02797399978166	r0739	1.1.1.1
r0739_pos	1.0266078032533388	r0739	1.1.1.1
r0741_pos	1.0260994151599523	r0741	1.14.13.15
r0743_pos	1.0256411184241758	r0743	1.1.1.35
r0744_pos	1.0256411184241758	r0744	4.2.1.107
r0747_neg	0.9721986978748951	r0747	1.1.1.50
r0747_pos	0.9989748965609484	r0747	1.1.1.50
r0750_neg	1.0258950000146279	r0750	1.1.1.50
r0750_pos	0.9989748965609484	r0750	1.1.1.50
r0752_neg	0.9992513769780061	r0752	1.2.1.5
r0753_pos	0.9992513769780061	r0753	1.2.1.5
r0754_neg	0.9992513769780061	r0754	1.2.1.5
r0755_pos	0.9992513769780061	r0755	1.2.1.5
r0756_neg	0.9992513769780061	r0756	1.2.1.5
r0757_pos	0.9992513769780061	r0757	1.2.1.5
r0758_neg	0.985741695054435	r0758	1.2.1.3
r0774_neg	0.9994620980416047	r0774	4.1.1.37
r0774_pos	0.9982908680120253	r0774	4.1.1.37
r0779_pos	1.0002804955513716	r0779	3.1.2.4
r0780_neg	1.0340959275977502	r0780	1.3.1.70
r0780_pos	1.0	r0780	1.3.1.70
r0781_pos	1.0340959275977488	r0781	1.14.13.70
r0782_pos	1.008820849085047	r0782	1.1.1.271
r0783_neg	1.0	r0783	1.3.1.72
r0783_pos	0.9983363485463252	r0783	1.3.1.72
r0784_neg	0.9989748965609484	r0784	1.1.1.15
r0784_pos	1.03804128162221	r0784	1.1.1.15
r0787_pos	1.024091207603371	r0787	3.1.3.4
r0788_neg	1.053995062263869	r0788	2.1.1.103
r0788_pos	0.9879506398394351	r0788	2.1.1.103
r0789_neg	1.0539950622638683	r0789	2.1.1.103
r0789_pos	0.9879506398394351	r0789	2.1.1.103
r0791_neg	1.0115639144343753	r0791	1.3.1.38
r0791_pos	1.0079858217755222	r0791	1.3.1.38
r0792_neg	1.0049041916206012	r0792	1.5.1.20
r0792_pos	0.9959447251938892	r0792	1.5.1.20
r0795_pos	0.9821373804323557	r0795	1.5.1.20
r1109_neg	1.0184084235504818	r1109	4.1.3.6
r1109_pos	0.9732128375742748	r1109	4.1.3.6
r1154_neg	0.9730151116066701	r1154	1.2.7.2
r1154_pos	0.997082345060383	r1154	1.2.7.2
r1156_neg	1.4972831487854792	r1156	2.7.1.48
r1156_pos	1.050165551878554	r1156	2.7.1.48
r1164_pos	1.076309829260014	r1164	2.3.1.26
r1167_pos	1.0760722019674538	r1167	2.3.1.26
r1168_pos	1.076309829260014	r1168	2.3.1.26
r1172_pos	1.076309829260014	r1172	3.1.1.13
r1177_pos	1.0760722019674538	r1177	3.1.1.13
r1179_pos	1.076309829260014	r1179	3.1.1.13
r1252_pos	0.9942108460133167	r1252	6.2.1.3
r1254_pos	1.0020025222540045	r1254	6.2.1.3
r1255_pos	1.076309829260014	r1255	6.2.1.3
r1257_pos	1.0761873219578866	r1257	6.2.1.3
r1259_pos	1.0151168818002503	r1259	6.2.1.3
r1260_pos	1.1382537619197988	r1260	6.2.1.3
r1262_pos	1.001041584718073	r1262	6.2.1.3
r1291_neg	1.0028892421270386	r1291	6.2.1.3
r1291_pos	0.9756511726010537	r1291	6.2.1.3
r1292_neg	1.0114310580668677	r1292	6.2.1.3
r1292_pos	1.0	r1292	6.2.1.3
r1377_neg	1.001400645644169	r1377	4.4.1.22
r1377_pos	1.001400645644169	r1377	4.4.1.22
r1378_neg	1.001400645644169	r1378	1.1.1.284
r1378_pos	1.001400645644169	r1378	1.1.1.284
r1380_neg	1.0	r1380	1.3.1.72
r1380_pos	1.0340959275977508	r1380	1.3.1.72
r1381_neg	1.0340959275977526	r1381	5.3.3.5
r1381_pos	1.0	r1381	5.3.3.5
r1384_neg	1.0	r1384	3.5.4.15
r1384_pos	1.0362026021440391	r1384	3.5.4.15
r1396_pos	1.0	r1396	2.3.1.21
r1397_pos	1.0	r1397	2.3.1.7
r1418_neg	1.0184638781272974	r1418	4.2.1.1
r1418_pos	1.042516631924587	r1418	4.2.1.1
r1421_neg	0.9943172814370548	r1421	4.2.1.1
r1421_pos	0.9968559142433838	r1421	4.2.1.1
r1423_pos	1.0416701782258537	r1423	4.2.1.1
r1427_pos	1.0038705442347315	r1427	4.2.1.1
r1431_pos	0.977264438604528	r1431	1.17.4.1
r1433_pos	1.0029306593553766	r1433	1.8.1.9
r1446_pos	0.9732120743526316	r1446	1.3.3.6
r1447_pos	0.9944059663508554	r1447	1.3.3.6
r1448_pos	0.9944059663508663	r1448	1.3.3.6
r1449_pos	0.9944059663508626	r1449	1.3.3.6
r1450_pos	0.9944059663508663	r1450	1.3.3.6
r1451_pos	0.9944059663508591	r1451	1.3.3.6
r1459_neg	1.0388144773048307	r1459	1.3.1.27
r1459_pos	1.0198033992246731	r1459	1.3.1.27
r1464_neg	1.0	r1464	1.3.1.27
r1464_pos	1.0	r1464	1.3.1.27
r1466_neg	1.030900063855849	r1466	2.3.1.86
r1467_neg	1.0831693630686636	r1467	2.3.1.86
r1467_pos	1.0336441502429623	r1467	2.3.1.86
r1487_pos	1.030900063855838	r1487	6.2.1.3
r1488_pos	1.0170509638230705	r1488	6.2.1.3
r1492_pos	1.0306969074872836	r1492	6.2.1.3
sink_citr(c)_pos	1.0199707697334541	sink_citr(c)	2.4.99.9
sink_pre_prot(r)_neg	0.9992600562407482	sink_pre_prot(r)	2.4.99.9
